location,lon,lat,lat,comments,attitudes,reposts
机关宾馆,120.54238,31.8638,1,2,3,4
佳福酒店,120.539482,31.858891,2,3,4,5
暨阳花园宾馆,120.546593,31.85169,3,4,5,6
兴业大酒店,120.53633,31.85912,4,5,6,7
新京华大酒店,120.54688,31.85278,5,6,7,8
电世界大酒店,120.551231,31.870661,6,7,8,9
海港城大酒店,120.545822,31.878111,7,8,9,10
沙洲宾馆,120.546219,31.8694,8,9,10,11
鲜鱼港大酒店,120.53728,31.86712,9,10,11,12
生态园大酒店,120.535431,31.86875,10,11,12,13
骏马宾馆,120.58769,31.84419,11,12,13,14
压路机宾馆,120.64498,31.71477,12,13,14,15
华丰宾馆,120.9852,31.74876,13,14,15,16
杨苑大酒店,120.67765,31.754169,14,15,16,17
华芳园酒店,120.647583,31.81085,15,16,17,18
蓝珊瑚大酒店,120.62929,31.78606,16,17,18,19
塘桥宾馆,120.6421,31.817,17,18,19,20
金水源酒店,120.555893,31.874041,18,19,20,21
国贸皇冠酒店,120.550453,31.87792,19,20,21,22
联峰宾馆,120.673592,31.87413,20,21,22,23
华毅大酒店,120.666962,31.880501,21,22,23,24
景海宾馆,120.552727,31.8773,22,23,24,25
新南凌大酒店,120.56172,31.85187,23,24,25,26
财富大酒店,120.56399,31.85132,24,25,26,27
新天地商务宾馆,120.871391,31.705391,25,26,27,28
金玉良缘大酒店,120.759842,31.674509,26,27,28,29
国旅美嘉商务酒店,120.73859,31.66841,27,28,29,30
钻石年代大酒店,120.74706,31.66529,28,29,30,31
王朝大酒店,120.740608,31.675831,29,30,31,32
王梓楼大酒店,120.740921,31.67585,30,31,32,33
中展新开元大酒店,120.742302,31.6378,31,32,33,34
润华宾馆,120.749451,31.64105,32,33,34,35
星运宾馆,120.742126,31.642771,33,34,35,36
常熟大酒店,120.748459,31.65345,34,35,36,37
枫林宾馆,120.74723,31.65638,35,36,37,38
银丰阁酒店,120.744743,31.66404,36,37,38,39
联华大酒店,120.744568,31.66449,37,38,39,40
天丰酒店,120.71868,31.59747,38,39,40,41
梅园宾馆,120.734131,31.6635,39,40,41,42
烟雨大酒店,120.730331,31.640421,40,41,42,43
商城宾馆,120.74087,31.62733,41,42,43,44
凯莱宾馆,120.954681,31.66967,42,43,44,45
常熟中江广场皇冠假日酒店,120.776733,31.65588,43,44,45,46
凯都商务酒店,120.75476,31.641054,-1626,-1626,-1626,-1626
天铭国际大酒店,120.75606,31.65434,-1625,-1625,-1625,-1625
华联宾馆,120.756699,31.645149,-1624,-1624,-1624,-1624
佳诚宾馆,120.736313,31.61351,-1623,-1623,-1623,-1623
红灯大酒店,120.723152,31.597771,-1622,-1622,-1622,-1622
惊涛骇浪大酒店,120.78624,31.59926,-1621,-1621,-1621,-1621
常熟市颐和宾馆,120.75316,31.62836,-1620,-1620,-1620,-1620
假日大酒店,120.84168,31.56846,-1619,-1619,-1619,-1619
石牌大酒店,120.909622,31.501511,-1618,-1618,-1618,-1618
圣马丁大酒店,120.67993,31.53855,-1617,-1617,-1617,-1617
恒金大酒店,121.10951,31.65839,-1616,-1616,-1616,-1616
新北国宾馆,120.54208,31.77387,-1615,-1615,-1615,-1615
朋生苑大酒店,120.30583,31.92016,-1614,-1614,-1614,-1614
海澜大酒店,120.50589,31.80952,-1613,-1613,-1613,-1613
华士大酒店,120.466461,31.839319,-1612,-1612,-1612,-1612
天伦皇朝酒店,120.30479,31.92005,-1611,-1611,-1611,-1611
富华大酒店,120.46864,31.83095,-1610,-1610,-1610,-1610
华隆宾馆,120.44957,31.921129,-1609,-1609,-1609,-1609
凯旋大酒店,120.410294,31.950411,-1608,-1608,-1608,-1608
长江大酒店,120.394661,31.953791,-1607,-1607,-1607,-1607
江南饭店宾馆,120.397728,31.935089,-1606,-1606,-1606,-1606
新润大酒店,120.41793,31.95678,-1605,-1605,-1605,-1605
东福酒店,120.5326,31.88224,-1604,-1604,-1604,-1604
壹陆捌大酒店,120.52903,31.88536,-1603,-1603,-1603,-1603
凯隆大酒店,120.454369,31.91555,-1602,-1602,-1602,-1602
天城大酒店,120.650863,31.959058,-1601,-1601,-1601,-1601
天天假日酒店,120.63304,31.96366,-1600,-1600,-1600,-1600
沙钢宾馆,120.63465,31.9624,-1599,-1599,-1599,-1599
乐得福酒店,120.64345,31.95657,-1598,-1598,-1598,-1598
天天娱乐城大酒店,120.63276,31.96445,-1597,-1597,-1597,-1597
牡丹大酒店,120.70188,31.92837,-1596,-1596,-1596,-1596
红牡丹宾馆,120.700577,31.925671,-1595,-1595,-1595,-1595
方圆大酒店,120.704559,31.92775,-1594,-1594,-1594,-1594
好味道大酒店,120.42906,31.95805,-1593,-1593,-1593,-1593
喜来顿大酒店,120.4272,31.95717,-1592,-1592,-1592,-1592
金仪大酒店,120.50177,31.93245,-1591,-1591,-1591,-1591
金港湾大酒店,120.55217,31.97513,-1590,-1590,-1590,-1590
顺禾兴酒店,120.406662,31.955971,-1589,-1589,-1589,-1589
宏云宾馆,120.34117,31.86194,-1588,-1588,-1588,-1588
云中大酒店,120.3405,31.85944,-1587,-1587,-1587,-1587
新潮大酒店,120.27985,31.92219,-1586,-1586,-1586,-1586
新龙都大酒店,120.342072,31.934641,-1585,-1585,-1585,-1585
金利来大酒店,120.34259,31.93486,-1584,-1584,-1584,-1584
顺昌源大酒店,120.490852,31.74604,-1583,-1583,-1583,-1583
双喜大酒店,120.477631,31.826891,-1582,-1582,-1582,-1582
海云天酒店,120.40478,31.86289,-1581,-1581,-1581,-1581
东盛大酒店,120.29396,31.90799,-1580,-1580,-1580,-1580
红豆大酒店,120.54969,31.70349,-1579,-1579,-1579,-1579
花园城宾馆,120.525779,31.693166,-1578,-1578,-1578,-1578
橡胶园大酒店,120.55708,31.72987,-1577,-1577,-1577,-1577
沁园春大酒店,120.54418,31.62211,-1576,-1576,-1576,-1576
新云都宾馆,120.29026,31.91433,-1575,-1575,-1575,-1575
云蝠烧鹅仔大酒店,120.294189,31.90666,-1574,-1574,-1574,-1574
双象大酒店,120.4934,31.48242,-1573,-1573,-1573,-1573
春昕大酒店,120.33627,31.48185,-1572,-1572,-1572,-1572
润利花园大酒店,120.27173,31.44324,-1571,-1571,-1571,-1571
南湖园大酒店,120.38924,31.48396,-1570,-1570,-1570,-1570
华鼎花园大酒店,120.33449,31.48252,-1569,-1569,-1569,-1569
天隆酒店,120.50296,31.521931,-1568,-1568,-1568,-1568
新东方大酒店,120.302002,31.906851,-1567,-1567,-1567,-1567
阳光大酒店,120.50617,31.81223,-1566,-1566,-1566,-1566
金龙大酒店,120.56941,31.29035,-1565,-1565,-1565,-1565
中新豪生全套房酒店,120.6790237,31.29566002,-1564,-1564,-1564,-1564
常熟宜必思酒店,120.753304,31.670309,-1563,-1563,-1563,-1563
龙泉商务宾馆,120.751419,31.639311,-1562,-1562,-1562,-1562
华庭宾馆,120.75664,31.64012,-1561,-1561,-1561,-1561
泰富酒店,120.5409,31.87853,-1560,-1560,-1560,-1560
世代花园大酒店,121.10079,31.45424,-1559,-1559,-1559,-1559
湖之景酒店,120.84491,31.02961,-1558,-1558,-1558,-1558
昆山嘉乐国际商务酒店,120.935966,31.38579,-1557,-1557,-1557,-1557
国服大酒店,120.74276,31.61931,-1556,-1556,-1556,-1556
梦淇大酒店,120.89802,31.95278,-1555,-1555,-1555,-1555
国都大酒店,120.93188,31.92203,-1554,-1554,-1554,-1554
鹏欣国宾花园大酒店,120.88631,31.94411,-1553,-1553,-1553,-1553
钓鱼岛大酒店,120.88874,31.97344,-1552,-1552,-1552,-1552
华江大酒店,120.8692,31.97282,-1551,-1551,-1551,-1551
朝晖花园酒店,120.867393,31.99748,-1550,-1550,-1550,-1550
吴江宾馆,120.639259,31.1546,-1549,-1549,-1549,-1549
苏通大酒店,120.9385,31.9112,-1548,-1548,-1548,-1548
星晨宾馆,120.940933,31.910104,-1547,-1547,-1547,-1547
星湖宾馆,120.93927,31.91211,-1546,-1546,-1546,-1546
韩城广场宾馆,120.718002,31.3225,-1545,-1545,-1545,-1545
天成宾馆,120.6576,31.25341,-1544,-1544,-1544,-1544
满福楼大酒店,120.65979,31.25035,-1543,-1543,-1543,-1543
香逸大酒店,120.659119,31.250441,-1542,-1542,-1542,-1542
邻里大酒店,120.66886,31.32167,-1541,-1541,-1541,-1541
贵都花园酒店,120.658241,31.31418,-1540,-1540,-1540,-1540
涵碧楼海鲜大酒店,120.636269,31.248581,-1539,-1539,-1539,-1539
建屋国际酒店,120.719002,31.31703,-1538,-1538,-1538,-1538
同心缘酒店,120.57475,31.26818,-1537,-1537,-1537,-1537
同振兴酒店,120.57963,31.27059,-1536,-1536,-1536,-1536
苏州维景国际大酒店,120.6716232,31.29380608,-1535,-1535,-1535,-1535
观前假日酒店,120.62377,31.30824,-1534,-1534,-1534,-1534
雅戈尔富宫大酒店,120.626457,31.30916,-1533,-1533,-1533,-1533
苏州锦地星座大酒店,120.622841,31.30694,-1532,-1532,-1532,-1532
苏州诚顺宾馆,120.62143,31.3118,-1531,-1531,-1531,-1531
石湖大酒店,120.6053,31.25461,-1530,-1530,-1530,-1530
太湖明珠酒店,120.613762,31.271931,-1529,-1529,-1529,-1529
喜洋洋大酒店,120.62851,31.3176,-1528,-1528,-1528,-1528
新文宾馆,120.628342,31.303301,-1527,-1527,-1527,-1527
锦阳渔港大酒店,120.621773,31.26651,-1526,-1526,-1526,-1526
丽豪会时尚酒店,120.6272812,31.27382088,-1525,-1525,-1525,-1525
乾康大酒店,120.617401,31.272051,-1524,-1524,-1524,-1524
夏威夷宾馆,120.6173096,31.26922989,-1523,-1523,-1523,-1523
冠云大酒店,120.589981,31.31871,-1522,-1522,-1522,-1522
乾生元假日酒店,120.603302,31.31584,-1521,-1521,-1521,-1521
米兰华庭宾馆,120.61404,31.31595,-1520,-1520,-1520,-1520
新开源大酒店,120.61766,31.31105,-1519,-1519,-1519,-1519
豪仕登大酒店,120.6283,31.26666,-1518,-1518,-1518,-1518
鱼跃龙门大酒店,120.624062,31.31748,-1517,-1517,-1517,-1517
大鸿运酒店,120.62658,31.31404,-1516,-1516,-1516,-1516
接驾宾馆,120.6207809,31.3155899,-1515,-1515,-1515,-1515
苏州锦绣天堂大酒店,120.612663,31.298031,-1514,-1514,-1514,-1514
苏州廊桥宾馆,120.624672,31.288469,-1513,-1513,-1513,-1513
环龙商务酒店,120.62163,31.27951,-1512,-1512,-1512,-1512
苏州市平江区弘文宾馆,120.6220474,31.31752014,-1511,-1511,-1511,-1511
金满楼大酒店,120.609367,31.29003,-1510,-1510,-1510,-1510
玉颐大酒店,120.62618,31.31737,-1509,-1509,-1509,-1509
开源大酒店,120.60471,31.28892,-1508,-1508,-1508,-1508
三元宾馆,120.62309,31.29933,-1507,-1507,-1507,-1507
公主花园宾馆,120.632179,31.30736,-1506,-1506,-1506,-1506
国泰南园宾馆,120.6315587,31.29771344,-1505,-1505,-1505,-1505
新竹宾馆,120.63047,31.292681,-1504,-1504,-1504,-1504
南华酒店,120.6515,31.30538,-1503,-1503,-1503,-1503
南园宾馆,120.631561,31.29771,-1502,-1502,-1502,-1502
育中烟酒店,120.63649,31.2908,-1501,-1501,-1501,-1501
卢浮宫宾馆,120.63811,31.27793,-1500,-1500,-1500,-1500
胜浦宾馆,120.821182,31.30361,-1499,-1499,-1499,-1499
东景大酒店,120.761124,31.28591,-1498,-1498,-1498,-1498
苏盛宾馆,120.63174,31.26943,-1497,-1497,-1497,-1497
千金一大酒店,120.63024,31.27408,-1496,-1496,-1496,-1496
相王宾馆,120.64002,31.29387,-1495,-1495,-1495,-1495
雅沁阁宾馆,120.64038,31.29892,-1494,-1494,-1494,-1494
艺辉宾馆,120.645737,31.29595,-1493,-1493,-1493,-1493
义昌福酒店,120.645493,31.29701,-1492,-1492,-1492,-1492
百盛天地大酒店,120.63914,31.27179,-1491,-1491,-1491,-1491
古城花园酒店,120.64893,31.26362,-1490,-1490,-1490,-1490
嘉禾商务宾馆,120.6299,31.32006,-1489,-1489,-1489,-1489
狮林宾馆,120.63102,31.31846,-1488,-1488,-1488,-1488
沙家浜酒店,120.631264,31.27372,-1487,-1487,-1487,-1487
阳澄湖大酒店,120.6329117,31.27235031,-1486,-1486,-1486,-1486
红一方宾馆,120.637398,31.23366,-1485,-1485,-1485,-1485
晨辉宾馆,120.64702,31.16811,-1484,-1484,-1484,-1484
米兰商务宾馆,120.651581,31.168159,-1483,-1483,-1483,-1483
红庄宾馆,120.63596,31.23311,-1482,-1482,-1482,-1482
张桥钓鱼俱乐部酒店,120.563118,31.20928,-1481,-1481,-1481,-1481
三鑫源大酒店,120.51982,31.2377,-1480,-1480,-1480,-1480
新旺度假酒店,120.5485,31.20363,-1479,-1479,-1479,-1479
君悦宾馆,120.58831,31.21477,-1478,-1478,-1478,-1478
碧瀛谷假日酒店,120.38069,31.21643,-1477,-1477,-1477,-1477
苏州太湖高尔夫酒店,120.391762,31.21829,-1476,-1476,-1476,-1476
喜来乐大酒店,120.5199,31.23475,-1475,-1475,-1475,-1475
祁连山酒店,120.47781,31.23394,-1474,-1474,-1474,-1474
苏州宝岛花园酒店,120.350182,31.18157,-1473,-1473,-1473,-1473
宝林大酒店,120.67184,31.07501,-1472,-1472,-1472,-1472
金三角酒店,120.67877,31.07142,-1471,-1471,-1471,-1471
龙英大酒店,120.598221,31.063379,-1470,-1470,-1470,-1470
云海大酒店,120.845619,31.118099,-1469,-1469,-1469,-1469
老锦苑大酒店,120.78208,31.09911,-1468,-1468,-1468,-1468
西山宾馆,120.297691,31.074711,-1467,-1467,-1467,-1467
周庄大酒店,120.84922,31.12546,-1466,-1466,-1466,-1466
新城南大酒店,120.642639,31.15407,-1465,-1465,-1465,-1465
江南水乡大酒店,120.64981,31.15451,-1464,-1464,-1464,-1464
吴都大酒店,120.643829,31.16025,-1463,-1463,-1463,-1463
灿烂阳光大酒店,120.639412,31.147539,-1462,-1462,-1462,-1462
新富华大酒店,120.636391,31.16107,-1461,-1461,-1461,-1461
福登高酒店,120.65605,31.12948,-1460,-1460,-1460,-1460
东山大酒店,120.40963,31.08429,-1459,-1459,-1459,-1459
金富华大酒店,120.66165,31.16148,-1458,-1458,-1458,-1458
嘉园酒店,120.95035,31.23019,-1457,-1457,-1457,-1457
新金溪大酒店,120.90213,31.174971,-1456,-1456,-1456,-1456
顺达酒店,120.90196,31.17975,-1455,-1455,-1455,-1455
锦港大酒店,120.90242,31.175711,-1454,-1454,-1454,-1454
新南洋大酒店,120.90124,31.1794,-1453,-1453,-1453,-1453
太湖明珠大酒店,120.30406,31.10426,-1452,-1452,-1452,-1452
金色花园大酒店,120.49768,30.85,-1451,-1451,-1451,-1451
满江红大酒店,120.712242,30.994221,-1450,-1450,-1450,-1450
华美大酒店,120.70681,30.99397,-1449,-1449,-1449,-1449
九华宾馆,120.64241,30.97325,-1448,-1448,-1448,-1448
金苑大酒店,120.67903,30.91898,-1447,-1447,-1447,-1447
新世纪国际酒店,120.64285,30.9703,-1446,-1446,-1446,-1446
金色年华大酒店,120.590599,30.98225,-1445,-1445,-1445,-1445
友谊大酒店,120.64192,30.98383,-1444,-1444,-1444,-1444
红太阳大酒店,120.63488,30.97514,-1443,-1443,-1443,-1443
新金马大酒店,120.63443,30.97543,-1442,-1442,-1442,-1442
罗马假日宾馆,120.51383,30.91486,-1441,-1441,-1441,-1441
得意楼大酒店,120.38591,30.95104,-1440,-1440,-1440,-1440
金色阳光大酒店,120.39373,30.9487,-1439,-1439,-1439,-1439
七都宾馆,120.391182,30.953739,-1438,-1438,-1438,-1438
新华大酒店,120.38627,30.92717,-1437,-1437,-1437,-1437
彩蝶舫酒店,120.85185,31.02502,-1436,-1436,-1436,-1436
吴江市芦墟大酒店,120.84729,31.0209,-1435,-1435,-1435,-1435
万事益快捷酒店,120.646606,30.903231,-1434,-1434,-1434,-1434
苏州市新梅华大酒店,120.628067,31.27191,-1433,-1433,-1433,-1433
东方宾馆,120.648193,30.89793,-1432,-1432,-1432,-1432
绸乡园酒店,120.671112,30.898809,-1431,-1431,-1431,-1431
君怡大酒店,120.60254,31.31028,-1430,-1430,-1430,-1430
锦德大酒店,120.617821,31.309669,-1429,-1429,-1429,-1429
张桥宾馆,120.59722,31.59535,-1428,-1428,-1428,-1428
太平洋大酒店,120.603699,31.31238,-1427,-1427,-1427,-1427
世纪王朝大酒店,120.66378,30.88934,-1426,-1426,-1426,-1426
兴隆源大酒店,120.49298,30.80146,-1425,-1425,-1425,-1425
锦华大酒店,120.6278076,31.27009964,-1424,-1424,-1424,-1424
桐泾大酒店,120.593132,31.2915802,-1423,-1423,-1423,-1423
白金汉宫大酒店,120.479584,31.8946,-1422,-1422,-1422,-1422
金碧辉煌商务宾馆,120.659691,30.903009,-1421,-1421,-1421,-1421
华盛宾馆,120.659691,30.902719,-1420,-1420,-1420,-1420
苏州金鸡湖凯宾斯基大酒店,120.706619,31.2866,-1419,-1419,-1419,-1419
桃花源大酒店,120.49114,30.80537,-1418,-1418,-1418,-1418
天元大酒店,120.49117,30.80529,-1417,-1417,-1417,-1417
丽都(嘉柏)大酒店,120.616898,31.30583,-1416,-1416,-1416,-1416
雅都大酒店,120.59765,31.29935,-1415,-1415,-1415,-1415
常熟凯悦国际酒店,120.78878,31.60309,-1414,-1414,-1414,-1414
苏州中茵皇冠假日酒店,120.682503,31.322201,-1413,-1413,-1413,-1413
苏州广场酒店,120.622971,31.30612,-1412,-1412,-1412,-1412
苏州春申湖度假酒店,120.5547,31.42328,-1411,-1411,-1411,-1411
富贵大酒店,120.971527,31.37067,-1410,-1410,-1410,-1410
苏州友谊宾馆,120.63272,31.2928,-1409,-1409,-1409,-1409
苏州桂林园宾馆,120.6185,31.30427,-1408,-1408,-1408,-1408
奥林春天商务酒店,120.580017,31.29196,-1407,-1407,-1407,-1407
苏州东方国际酒店,120.63623,31.29303,-1406,-1406,-1406,-1406
苏州城市假日酒店,120.63837,31.28041,-1405,-1405,-1405,-1405
苏州乐园度假酒店,120.552238,31.294359,-1404,-1404,-1404,-1404
苏州玄妙索菲特大酒店,120.62606,31.3076,-1403,-1403,-1403,-1403
苏州友联假日酒店,120.60882,31.28135,-1402,-1402,-1402,-1402
昆山东意假日酒店,120.961227,31.3736,-1401,-1401,-1401,-1401
麒麟・168商务酒店,120.75524,31.66295,-1400,-1400,-1400,-1400
昆山誉兴大酒店,120.966011,31.36635,-1399,-1399,-1399,-1399
朋德酒店,120.951057,31.41077,-1398,-1398,-1398,-1398
鸿阳大酒店,120.528801,30.840469,-1397,-1397,-1397,-1397
明楼酒店,120.632111,31.3029,-1396,-1396,-1396,-1396
皇庭大酒店,120.62804,31.15868,-1395,-1395,-1395,-1395
格林豪泰苏州盘门景区酒店,120.611053,31.2911,-1394,-1394,-1394,-1394
临江大酒店,121.208794,31.605499,-1393,-1393,-1393,-1393
嘉苑宾馆,121.2714,31.50276,-1392,-1392,-1392,-1392
明都大酒店,121.00494,31.26205,-1391,-1391,-1391,-1391
大陆大酒店,121.05213,31.31778,-1390,-1390,-1390,-1390
香江假日酒店,121.25861,31.57506,-1389,-1389,-1389,-1389
和平花园大酒店,121.222931,31.596359,-1388,-1388,-1388,-1388
佳佳大酒店,121.213539,31.60042,-1387,-1387,-1387,-1387
申花大酒店,121.102981,31.305709,-1386,-1386,-1386,-1386
海鸿大酒店,121.140953,31.29354,-1385,-1385,-1385,-1385
醉仙楼大酒店,121.05171,31.25486,-1384,-1384,-1384,-1384
太湖状元楼酒店,120.33394,31.16996,-1383,-1383,-1383,-1383
丰锦源大酒店,121.0979,31.30469,-1382,-1382,-1382,-1382
南开大酒店,120.627441,31.272619,-1381,-1381,-1381,-1381
新稳得福大酒店,121.274872,31.51306,-1380,-1380,-1380,-1380
大唐花苑酒店,121.00662,31.25318,-1379,-1379,-1379,-1379
如意舫大酒店,121.26534,31.49997,-1378,-1378,-1378,-1378
名豪酒店,121.132141,31.44511,-1377,-1377,-1377,-1377
中兴大酒店,121.2146,31.60311,-1376,-1376,-1376,-1376
华利安酒店,121.13795,31.48581,-1375,-1375,-1375,-1375
金盈阁酒店,121.09288,31.298901,-1374,-1374,-1374,-1374
新百盛大酒店,120.62732,31.27413,-1373,-1373,-1373,-1373
华新宾馆,120.61944,31.31684,-1372,-1372,-1372,-1372
望亭宾馆,120.44087,31.4317,-1371,-1371,-1371,-1371
红房子酒店,120.66974,30.90495,-1370,-1370,-1370,-1370
金海湾大酒店,120.67016,30.90271,-1369,-1369,-1369,-1369
华夏宾馆,120.60221,31.30875,-1368,-1368,-1368,-1368
聚银大酒店,120.65296,30.89852,-1367,-1367,-1367,-1367
金达大酒店,120.659576,30.90209,-1366,-1366,-1366,-1366
金满庭大酒店,120.647858,31.172569,-1365,-1365,-1365,-1365
雅竹宾馆,120.64334,31.16066,-1364,-1364,-1364,-1364
茗园大酒店,120.62816,31.15763,-1363,-1363,-1363,-1363
太湖宾馆,120.63923,31.16354,-1362,-1362,-1362,-1362
苏州德鑫园宾馆,120.58773,31.31225,-1361,-1361,-1361,-1361
小地方酒店,121.26993,31.50867,-1360,-1360,-1360,-1360
香格里拉大酒店,120.55882,31.29243,-1359,-1359,-1359,-1359
两岸丽景酒店,120.96949,31.38617,-1358,-1358,-1358,-1358
岳苑宾馆,120.45256,31.91233,-1357,-1357,-1357,-1357
财富国际酒店,121.18608,31.47253,-1356,-1356,-1356,-1356
苏州中心大酒店,120.61807,31.30153,-1355,-1355,-1355,-1355
同济大酒店,120.548538,31.299431,-1354,-1354,-1354,-1354
阳光海岸大酒店,120.572769,31.315241,-1353,-1353,-1353,-1353
张家港新世汇时尚精品酒店,120.537292,31.86013,-1352,-1352,-1352,-1352
兴塍苑宾馆,120.455254,31.910749,-1351,-1351,-1351,-1351
新世界大酒店,120.604279,31.50658,-1350,-1350,-1350,-1350
吴宫大酒店,120.60746,31.50559,-1349,-1349,-1349,-1349
尼盛万丽酒店,120.664436,31.314211,-1348,-1348,-1348,-1348
苏州永利假日酒店,120.522148,31.255501,-1347,-1347,-1347,-1347
长风宾馆,120.635872,31.32457,-1346,-1346,-1346,-1346
佳福宾馆,120.63968,31.16189,-1345,-1345,-1345,-1345
晟思园宾馆,120.63905,31.27494,-1344,-1344,-1344,-1344
开元大酒店,120.656708,31.14562,-1343,-1343,-1343,-1343
苏州威尼斯商务宾馆,120.603928,31.313141,-1342,-1342,-1342,-1342
金翅鸟酒店,120.617638,31.324989,-1341,-1341,-1341,-1341
神鹰大酒店,120.657372,30.899269,-1340,-1340,-1340,-1340
长江宾馆,120.97805,31.38196,-1339,-1339,-1339,-1339
天然酒店,120.972511,31.386419,-1338,-1338,-1338,-1338
珍宝坊大酒店,120.63245,31.30415,-1337,-1337,-1337,-1337
来祥快捷酒店,120.635963,31.263941,-1336,-1336,-1336,-1336
苏州尼盛万丽酒店,120.664436,31.314211,-1335,-1335,-1335,-1335
金碧辉煌大酒店,120.639267,31.163401,-1334,-1334,-1334,-1334
东恒盛国际大酒店,120.644501,31.14789,-1333,-1333,-1333,-1333
和月精致商务酒店,120.963966,31.37949,-1332,-1332,-1332,-1332
帅元酒店,120.5766,31.31102,-1331,-1331,-1331,-1331
天一渔港大酒店,120.625526,31.27779,-1330,-1330,-1330,-1330
富临酒店,120.62298,31.31277,-1329,-1329,-1329,-1329
金爵商务宾馆,120.97671,31.36543,-1328,-1328,-1328,-1328
张家港假日宾馆,120.536171,31.865629,-1327,-1327,-1327,-1327
新东吴珍珠大酒店,120.58725,31.316891,-1326,-1326,-1326,-1326
瑞士大酒店,120.96857,31.38295,-1325,-1325,-1325,-1325
苏州苏哥利酒店,120.62358,31.31188,-1324,-1324,-1324,-1324
玲珑邻里假日酒店,120.701492,31.330299,-1323,-1323,-1323,-1323
金泰商务宾馆,120.54497,31.86971,-1322,-1322,-1322,-1322
常熟中汇戴斯大酒店,120.770218,31.67334,-1321,-1321,-1321,-1321
新四川大酒店,120.542686,31.878071,-1320,-1320,-1320,-1320
苏州爱尚家精品酒店,120.62606,31.3076,-1319,-1319,-1319,-1319
苏州山塘人家商务酒店,120.60144,31.31975,-1318,-1318,-1318,-1318
苏州南亚宾馆,120.64102,31.36515,-1317,-1317,-1317,-1317
苏州百怡大酒店,120.63932,31.298889,-1316,-1316,-1316,-1316
常熟时风国际假日酒店,120.757767,31.644899,-1315,-1315,-1315,-1315
昆山一醉皇冠酒店,120.985115,31.392948,-1314,-1314,-1314,-1314
苏州方源商旅酒店,120.777901,31.34593,-1313,-1313,-1313,-1313
格林豪泰苏州留园店原苏州一开商务酒店,120.58776,31.31246,-1312,-1312,-1312,-1312
苏州科逸酒店,120.602661,31.28841,-1311,-1311,-1311,-1311
星月商旅宾馆,120.539078,31.87612,-1310,-1310,-1310,-1310
水天堂贵宾楼大酒店,120.623894,31.30707,-1309,-1309,-1309,-1309
星都大酒店,120.66478,31.31944,-1308,-1308,-1308,-1308
金山丽格大酒店,120.561958,31.29775,-1307,-1307,-1307,-1307
金玲珑大酒店,120.51757,31.265909,-1306,-1306,-1306,-1306
泰来宾馆,120.71758,31.15757,-1305,-1305,-1305,-1305
昆山瑞士大酒店,120.96857,31.38295,-1304,-1304,-1304,-1304
洋溢商务宾馆,120.69572,31.34523,-1303,-1303,-1303,-1303
亚致酒店,120.548569,31.29108,-1302,-1302,-1302,-1302
昆山市昆体花园酒店,120.8821,31.38244,-1301,-1301,-1301,-1301
张家港大新新滨江假日酒店,120.56873,31.96216,-1300,-1300,-1300,-1300
苏州戴斯酒店,120.698143,31.3451519,-1299,-1299,-1299,-1299
吴江诚源国际大酒店,120.64281,31.15128,-1298,-1298,-1298,-1298
吴江思来叙度假酒店,120.88467,31.05513,-1297,-1297,-1297,-1297
金布仑宾馆,120.942009,31.28351,-1296,-1296,-1296,-1296
昆山凯悦商务酒店,120.95191,31.40758,-1295,-1295,-1295,-1295
苏州阳澄湖澜廷度假酒店,120.64638,31.37482,-1294,-1294,-1294,-1294
太湖西山大酒店,120.31042,31.13335,-1293,-1293,-1293,-1293
虹胜宾馆,120.64508,30.89875,-1292,-1292,-1292,-1292
吴江盛世锦江国际大酒店,120.64994,30.90323,-1291,-1291,-1291,-1291
丝绸大酒店,120.58807,31.31659,-1290,-1290,-1290,-1290
张家港市天使宾馆,120.63887,31.959721,-1289,-1289,-1289,-1289
金鑫水乡酒店,120.84831,31.12542,-1288,-1288,-1288,-1288
阳澄湖置地度假大酒店,120.789368,31.41552,-1287,-1287,-1287,-1287
西兵营大酒店,120.5896,31.31209,-1286,-1286,-1286,-1286
新亚宾馆,120.68456,30.89344,-1285,-1285,-1285,-1285
星期假日商务酒店,120.663383,31.287161,-1284,-1284,-1284,-1284
百悦大酒店,120.63947,31.29902,-1283,-1283,-1283,-1283
绸都宾馆,120.66018,30.90389,-1282,-1282,-1282,-1282
亚致精品酒店,120.54881,31.2908,-1281,-1281,-1281,-1281
苏州中天豪景商务酒店,120.558609,31.309561,-1280,-1280,-1280,-1280
锦鸿酒店,121.117729,31.46068,-1279,-1279,-1279,-1279
如家快捷酒店,121.097069,31.44281,-1278,-1278,-1278,-1278
常熟金海华丽嘉酒店,120.73862,31.64329,-1277,-1277,-1277,-1277
嘉宝酒店,120.63901,31.26849,-1276,-1276,-1276,-1276
植园商务酒店,120.6689,31.31136,-1275,-1275,-1275,-1275
狮王府酒店,120.65234,31.30617,-1274,-1274,-1274,-1274
银座商务宾馆,120.74612,31.63738,-1273,-1273,-1273,-1273
鼎福酒店,120.779602,31.613661,-1272,-1272,-1272,-1272
海鑫渔港大酒店,120.739273,31.653419,-1271,-1271,-1271,-1271
天水雅居大酒店,120.754433,31.676781,-1270,-1270,-1270,-1270
世茂大酒店,120.769371,31.66374,-1269,-1269,-1269,-1269
半岛温泉商务宾馆,120.54174,31.858521,-1268,-1268,-1268,-1268
亚龙宾馆,120.540878,31.86372,-1267,-1267,-1267,-1267
苏浙汇酒店,120.76781,31.66703,-1266,-1266,-1266,-1266
华东国际商务酒店,120.93596,31.38151,-1265,-1265,-1265,-1265
皇家花园酒店,120.537758,31.863091,-1264,-1264,-1264,-1264
上海君紫园酒店,121.129898,31.444201,-1263,-1263,-1263,-1263
昆山华纳时尚酒店,120.997147,31.36652,-1262,-1262,-1262,-1262
小渔庄酒店,0,0,-1261,-1261,-1261,-1261
苏州翰林邻里假日酒店,120.73056,31.27393,-1260,-1260,-1260,-1260
中汇宾馆,120.731911,31.66679,-1259,-1259,-1259,-1259
阳澄湖永乐度假酒店,120.774094,31.44799,-1258,-1258,-1258,-1258
巴城宾馆,120.84888,31.44702,-1257,-1257,-1257,-1257
昆山国际上湖宝曼酒店,120.847923,31.437731,-1256,-1256,-1256,-1256
珍珠湖酒店,120.66338,31.46722,-1255,-1255,-1255,-1255
东桥大酒店,120.51086,31.43307,-1254,-1254,-1254,-1254
东渚宾馆,120.40567,31.33605,-1253,-1253,-1253,-1253
浒通大酒店,120.45587,31.37693,-1252,-1252,-1252,-1252
华艺宾馆,120.51502,31.37496,-1251,-1251,-1251,-1251
秀峰山庄酒店,120.34704,31.33658,-1250,-1250,-1250,-1250
太仓世代大酒店,121.12308,31.45639,-1249,-1249,-1249,-1249
太仓市星晨大酒店,121.11222,31.45646,-1248,-1248,-1248,-1248
鎏渊大酒店,121.101387,31.44206,-1247,-1247,-1247,-1247
嘉沁园大酒店,121.099129,31.44491,-1246,-1246,-1246,-1246
锡爵大酒店,121.11373,31.4491,-1245,-1245,-1245,-1245
丞相府酒店,121.113731,31.4491,-1244,-1244,-1244,-1244
通天府大酒店,0,0,-1243,-1243,-1243,-1243
人间天堂大酒店,120.603241,31.34177,-1242,-1242,-1242,-1242
创新大酒店,120.50465,31.38306,-1241,-1241,-1241,-1241
新浒大酒店,120.529572,31.38245,-1240,-1240,-1240,-1240
醉天下酒店,120.95438,31.34997,-1239,-1239,-1239,-1239
翡翠湾酒店,120.79314,31.38121,-1238,-1238,-1238,-1238
金水湾酒店,120.793739,31.37785,-1237,-1237,-1237,-1237
古月大酒店,120.632751,31.335779,-1236,-1236,-1236,-1236
在水一方大酒店,120.64632,31.36382,-1235,-1235,-1235,-1235
净观大酒店,120.59422,31.33522,-1234,-1234,-1234,-1234
汇翠大酒店,120.593117,31.345169,-1233,-1233,-1233,-1233
金浒通大酒店,120.52774,31.381981,-1232,-1232,-1232,-1232
建业宾馆,120.586906,31.332291,-1231,-1231,-1231,-1231
三花大酒店,120.587067,31.33206,-1230,-1230,-1230,-1230
万泉大酒店,120.51377,31.37738,-1229,-1229,-1229,-1229
元和春酒店,120.61901,31.37747,-1228,-1228,-1228,-1228
昆山宾馆,120.95778,31.3815,-1227,-1227,-1227,-1227
园宇大酒店,120.94763,31.40382,-1226,-1226,-1226,-1226
月盛宾馆,120.95845,31.40172,-1225,-1225,-1225,-1225
吉隆宾馆,120.95255,31.39809,-1224,-1224,-1224,-1224
台昆宾馆,120.95925,31.39687,-1223,-1223,-1223,-1223
东成宾馆,120.96757,31.35623,-1222,-1222,-1222,-1222
白马宾馆,120.9426,31.37837,-1221,-1221,-1221,-1221
纳海宾馆,120.95654,31.37915,-1220,-1220,-1220,-1220
澳洲宾馆,120.96414,31.39538,-1219,-1219,-1219,-1219
新港湾锦江大酒店,120.965492,31.40304,-1218,-1218,-1218,-1218
祥罗圆酒店,120.96763,31.39136,-1217,-1217,-1217,-1217
米兰商务酒店,120.956612,31.37821,-1216,-1216,-1216,-1216
一醉天元宾馆,120.95615,31.37977,-1215,-1215,-1215,-1215
并蒂莲商务酒店,120.95768,31.373739,-1214,-1214,-1214,-1214
华美达大酒店,121.008057,31.381281,-1213,-1213,-1213,-1213
东江海鲜大酒店,121.00551,31.35629,-1212,-1212,-1212,-1212
万聚红大酒店,120.951408,31.406389,-1211,-1211,-1211,-1211
华利大酒店,120.97538,31.38286,-1210,-1210,-1210,-1210
昆阳大酒店,120.98272,31.38459,-1209,-1209,-1209,-1209
一醉宾馆,120.97869,31.38604,-1208,-1208,-1208,-1208
难得糊涂酒店,120.958252,31.385851,-1207,-1207,-1207,-1207
孟飞大酒店,120.51166,31.25598,-1206,-1206,-1206,-1206
福马大酒店,120.57388,31.31497,-1205,-1205,-1205,-1205
名城万豪商务酒店,120.554176,31.28812,-1204,-1204,-1204,-1204
电力宾馆,120.52151,31.25247,-1203,-1203,-1203,-1203
天平大酒店,120.51652,31.26505,-1202,-1202,-1202,-1202
金盈大酒店,120.5824,31.27145,-1201,-1201,-1201,-1201
新城花园酒店,120.57147,31.29315,-1200,-1200,-1200,-1200
新东欣酒店,120.50479,31.2494,-1199,-1199,-1199,-1199
山珍宝大酒店,120.518097,31.26545,-1198,-1198,-1198,-1198
光福上海宾馆,120.39502,31.28357,-1197,-1197,-1197,-1197
定园宾馆,120.577652,31.32752,-1196,-1196,-1196,-1196
万顺楼大酒店,120.58818,31.32816,-1195,-1195,-1195,-1195
景悦宾馆,120.62644,31.32245,-1194,-1194,-1194,-1194
大江南酒店,120.62411,31.25301,-1193,-1193,-1193,-1193
苏州市小绍兴酒店,120.59078,31.30435,-1192,-1192,-1192,-1192
富丽华大酒店,120.59071,31.30541,-1191,-1191,-1191,-1191
江枫宾馆,120.576859,31.31155,-1190,-1190,-1190,-1190
苏州枫桥夜泊大酒店,120.588997,31.316111,-1189,-1189,-1189,-1189
七斗星商旅酒店,120.5758,31.31115,-1188,-1188,-1188,-1188
苏州万豪酒店,120.58311,31.30271,-1187,-1187,-1187,-1187
金中宾馆,120.61788,31.32382,-1186,-1186,-1186,-1186
苏州得轩宾馆,120.62282,31.30154,-1185,-1185,-1185,-1185
苏州市品珍・福地大酒店,120.60748,31.30325,-1184,-1184,-1184,-1184
国贸广场酒店,120.59732,31.29763,-1183,-1183,-1183,-1183
金桥假日大酒店,120.60958,31.30903,-1182,-1182,-1182,-1182
笑园楼酒店,120.61113,31.30801,-1181,-1181,-1181,-1181
喜悦假日酒店,120.61694,31.30083,-1180,-1180,-1180,-1180
苏州景缘宾馆,120.61678,31.30992,-1179,-1179,-1179,-1179
新世纪大酒店,120.600342,31.31234,-1178,-1178,-1178,-1178
陶然居宾馆,120.60317,31.30978,-1177,-1177,-1177,-1177
宏德石路速8酒店,120.60148,31.30982,-1176,-1176,-1176,-1176
白云宾馆,120.5903,31.29683,-1175,-1175,-1175,-1175
黄浦大酒店,120.59297,31.31301,-1174,-1174,-1174,-1174
宜家开元酒店,120.59471,31.30895,-1173,-1173,-1173,-1173
百盛弘毅大酒店,120.265862,31.997231,-1172,-1172,-1172,-1172
金碧辉煌酒店,120.26765,32.00986,-1171,-1171,-1171,-1171
新纪元大酒店,120.280144,32.013512,-1170,-1170,-1170,-1170
黄金海岸大酒店,120.26896,32.00473,-1169,-1169,-1169,-1169
百盛大酒店,120.27242,32.0239,-1168,-1168,-1168,-1168
苏亚酒店,120.305679,32.062069,-1167,-1167,-1167,-1167
林舞二山酒店,120.273819,32.0275,-1166,-1166,-1166,-1166
林峰大酒店,120.81414,32.06006,-1165,-1165,-1165,-1165
正大酒店,120.4094315,32.05653,-1164,-1164,-1164,-1164
雅境大酒店,120.53544,32.07755,-1163,-1163,-1163,-1163
水苑酒店,120.75042,32.04953,-1162,-1162,-1162,-1162
南通国际大酒店,120.82769,32.012939,-1161,-1161,-1161,-1161
支云大酒店,120.77395,32.04409,-1160,-1160,-1160,-1160
锦江大酒店,120.74306,32.09946,-1159,-1159,-1159,-1159
通扬大酒店,120.745796,32.100739,-1158,-1158,-1158,-1158
张生记大酒店,120.563072,32.102139,-1157,-1157,-1157,-1157
乐福大酒店,120.85629,32.02982,-1156,-1156,-1156,-1156
安居酒店,120.86551,32.01982,-1155,-1155,-1155,-1155
金生大酒店,120.82113,32.02654,-1154,-1154,-1154,-1154
女儿红酒店,120.81049,32.02765,-1153,-1153,-1153,-1153
新华宝宾馆,120.81601,32.05862,-1152,-1152,-1152,-1152
惠香阁酒店,120.82457,32.02853,-1151,-1151,-1151,-1151
伟伟大酒店,120.7913437,32.03894043,-1150,-1150,-1150,-1150
正和宾馆,120.8129,32.06107,-1149,-1149,-1149,-1149
西门大酒店,120.77211,32.04471,-1148,-1148,-1148,-1148
南通市中南宾馆,120.82961,32.02357,-1147,-1147,-1147,-1147
中南酒店,120.84964,32.00396,-1146,-1146,-1146,-1146
城港宾馆,120.844101,32.015442,-1145,-1145,-1145,-1145
花好月圆大酒店,120.870979,32.024269,-1144,-1144,-1144,-1144
濠河人家酒店,120.867172,32.014542,-1143,-1143,-1143,-1143
永兴国际大酒店,120.82858,32.0326,-1142,-1142,-1142,-1142
田宇之星宾馆,120.83659,32.01807,-1141,-1141,-1141,-1141
旺角大酒店,120.862251,32.00351,-1140,-1140,-1140,-1140
南天宾馆,120.837212,32.016251,-1139,-1139,-1139,-1139
新蓝天宾馆,120.86087,32.004379,-1138,-1138,-1138,-1138
金桥大酒店,120.84974,32.00351,-1137,-1137,-1137,-1137
佳利秀水商务酒店,120.85631,32.01093,-1136,-1136,-1136,-1136
杨扬大酒店,120.856483,32.004478,-1135,-1135,-1135,-1135
邵东时尚酒店,120.851112,32.014912,-1134,-1134,-1134,-1134
海跃大酒店,120.853554,32.015591,-1133,-1133,-1133,-1133
功德林大酒店,120.859581,32.01368,-1132,-1132,-1132,-1132
东苑酒店,120.864349,32.011372,-1131,-1131,-1131,-1131
维多利亚大酒店,120.87503,32.00296,-1130,-1130,-1130,-1130
上海人家酒店,120.87148,32.00269,-1129,-1129,-1129,-1129
三德大酒店,120.86957,32.00265,-1128,-1128,-1128,-1128
川杭大酒店,120.880653,32.026951,-1127,-1127,-1127,-1127
城市时尚酒店,120.8832,32.00675,-1126,-1126,-1126,-1126
南通丽景大酒店,120.88158,32.01598,-1125,-1125,-1125,-1125
新城宾馆,120.851128,32.014191,-1124,-1124,-1124,-1124
国源酒店,120.88338,32.00207,-1123,-1123,-1123,-1123
西元大酒店,120.84,32.00611,-1122,-1122,-1122,-1122
五星商务酒店,120.92735,31.91771,-1121,-1121,-1121,-1121
东方名城大酒店,120.880661,32.026871,-1120,-1120,-1120,-1120
一千一夜酒店,120.88436,32.00051,-1119,-1119,-1119,-1119
南通北濠速八酒店,120.85767,32.03028,-1118,-1118,-1118,-1118
新有斐大酒店,120.865097,32.011589,-1117,-1117,-1117,-1117
南通锦江花园酒店,120.88534,32.02218,-1116,-1116,-1116,-1116
西园大酒店,120.83989,32.00636,-1115,-1115,-1115,-1115
吉华花园酒店,120.87861,32.02066,-1114,-1114,-1114,-1114
星海天大酒店,120.88239,32.01455,-1113,-1113,-1113,-1113
南通瑞家大酒店,120.8540573,32.00431061,-1112,-1112,-1112,-1112
三源缶频,120.86957,32.00264,-1111,-1111,-1111,-1111
南通华通大酒店,120.870003,32.003139,-1110,-1110,-1110,-1110
如皋市银江酒店,120.56848,32.10343,-1109,-1109,-1109,-1109
日月酒店,120.60005,32.04711,-1108,-1108,-1108,-1108
四季花园酒店,120.859581,32.016788,-1107,-1107,-1107,-1107
靖江市水月清华宾馆,120.28613,32.01234,-1106,-1106,-1106,-1106
泰康酒店,120.273582,32.020222,-1105,-1105,-1105,-1105
敦义大酒店,120.42778,32.079182,-1104,-1104,-1104,-1104
心连心酒店,120.27371,32.02731,-1103,-1103,-1103,-1103
渔人码头大酒店,120.09612,30.87711,-1102,-1102,-1102,-1102
华都大酒店,120.271782,32.015411,-1101,-1101,-1101,-1101
丽都大酒店,120.095161,30.87607,-1100,-1100,-1100,-1100
凯悦大酒店,120.100571,30.86964,-1099,-1099,-1099,-1099
夜来香酒店,120.09906,30.87042,-1098,-1098,-1098,-1098
麒麟时代大酒店,120.09227,30.87269,-1097,-1097,-1097,-1097
万家灯火大酒店,120.09982,30.86961,-1096,-1096,-1096,-1096
嘉年华大酒店,120.10223,30.87786,-1095,-1095,-1095,-1095
良辰宾馆,120.1012,30.88087,-1094,-1094,-1094,-1094
超越大酒店,120.101181,30.88056,-1093,-1093,-1093,-1093
新王朝大酒店,120.09948,30.87098,-1092,-1092,-1092,-1092
醉仙居酒店,120.09248,30.87965,-1091,-1091,-1091,-1091
诚成大酒店,120.0920029,30.87649918,-1090,-1090,-1090,-1090
湖州宾馆,120.103446,30.868906,-1089,-1089,-1089,-1089
野马酒店,120.124649,30.85655,-1088,-1088,-1088,-1088
阿中酒店,120.108322,30.871281,-1087,-1087,-1087,-1087
湖州经纬大酒店,120.08865,30.87705,-1086,-1086,-1086,-1086
名豪大酒店,120.10639,30.86884,-1085,-1085,-1085,-1085
浙江湖州华亭宾馆,120.106392,30.86883,-1084,-1084,-1084,-1084
竹翠苑宾馆,120.109978,30.868629,-1083,-1083,-1083,-1083
豪灯大酒店,120.09559,30.87633,-1082,-1082,-1082,-1082
立洲大酒店,120.26052,30.83869,-1081,-1081,-1081,-1081
府前宾馆,120.25984,30.85735,-1080,-1080,-1080,-1080
大港宾馆,120.26297,30.87356,-1079,-1079,-1079,-1079
千禧宾馆,120.261642,30.87089,-1078,-1078,-1078,-1078
龙悦大酒店,120.26283,30.85846,-1077,-1077,-1077,-1077
百隆大酒店,120.811241,30.89327,-1076,-1076,-1076,-1076
步步高酒店,120.89305,30.97919,-1075,-1075,-1075,-1075
南浔金悦宾馆,120.40728,30.86919,-1074,-1074,-1074,-1074
长兴凯旋门澳门豆捞大酒店,119.920464,30.995729,-1073,-1073,-1073,-1073
湖州南浔米兰商务酒店,120.41993,30.865669,-1072,-1072,-1072,-1072
丽菁大酒店,120.424553,30.871201,-1071,-1071,-1071,-1071
湖州太湖雷迪森温泉度假酒店,120.12128,30.94832,-1070,-1070,-1070,-1070
凯讯大酒店,120.85051,30.94636,-1069,-1069,-1069,-1069
寅午宾馆,120.262016,30.858431,-1068,-1068,-1068,-1068
福临大酒店,120.423073,30.876869,-1067,-1067,-1067,-1067
华龙宾馆,120.423973,30.87229,-1066,-1066,-1066,-1066
吉祥宾馆,120.41843,30.87523,-1065,-1065,-1065,-1065
沃克斯大酒店,120.421402,30.877041,-1064,-1064,-1064,-1064
南海大酒店,120.41297,30.87313,-1063,-1063,-1063,-1063
千翁宾馆,120.4263611,30.87052917,-1062,-1062,-1062,-1062
信诚大酒店,120.615768,30.795959,-1061,-1061,-1061,-1061
湖州太湖阳光雷迪森度假酒店,120.121277,30.94832,-1060,-1060,-1060,-1060
芳芳大酒店,120.6159,30.79873,-1059,-1059,-1059,-1059
建业大酒店,119.906433,31.00238,-1058,-1058,-1058,-1058
新三毛大酒店,119.90964,30.99975,-1057,-1057,-1057,-1057
七重天大酒店,119.909157,31.003019,-1056,-1056,-1056,-1056
长兴国际大酒店,119.9149,31.01443,-1055,-1055,-1055,-1055
紫金大酒店,119.908577,31.00663,-1054,-1054,-1054,-1054
春天酒店,119.9092,30.99876,-1053,-1053,-1053,-1053
群宴大酒店,119.98094,30.95107,-1052,-1052,-1052,-1052
美景宾馆,120.10243,30.89109,-1051,-1051,-1051,-1051
金帝大酒店,120.12398,30.87892,-1050,-1050,-1050,-1050
水上明珠大酒店,120.112831,30.95516,-1049,-1049,-1049,-1049
新玫瑰大酒店,120.11437,30.86126,-1048,-1048,-1048,-1048
晨园宾馆,120.124428,30.87895,-1047,-1047,-1047,-1047
海达大酒店,120.5106201,30.67584038,-1046,-1046,-1046,-1046
桐乡水岸之星度假酒店,120.495438,30.73226,-1045,-1045,-1045,-1045
望塔楼宾馆,120.49302,30.74923,-1044,-1044,-1044,-1044
桐乡市子夜大酒店,120.497414,30.736679,-1043,-1043,-1043,-1043
广业大酒店,120.495392,30.737869,-1042,-1042,-1042,-1042
下家楼大酒店,120.49189,30.743389,-1041,-1041,-1041,-1041
悦江南酒店,120.49658,30.73637,-1040,-1040,-1040,-1040
嘉兴奥林匹克大酒店,120.749023,30.82518,-1039,-1039,-1039,-1039
桐乡蓬达度假酒店,120.49184,30.74793,-1038,-1038,-1038,-1038
陈行大酒店,121.343773,31.478371,-1037,-1037,-1037,-1037
乐岛宾馆,121.39818,31.61985,-1036,-1036,-1036,-1036
上海迎岛宾馆,121.38291,31.62327,-1035,-1035,-1035,-1035
天赐商务酒店,121.408447,31.62549,-1034,-1034,-1034,-1034
君顺酒店,121.40613,31.63243,-1033,-1033,-1033,-1033
恒富宾馆,121.3964,31.61925,-1032,-1032,-1032,-1032
物华假日酒店,121.39705,31.62037,-1031,-1031,-1031,-1031
望新酒店,121.146713,31.34832,-1030,-1030,-1030,-1030
贝伦大酒店,121.20363,31.39868,-1029,-1029,-1029,-1029
上海紫凌轩大酒店,121.40484,31.45005,-1028,-1028,-1028,-1028
锦怡宾馆,121.4058,31.453011,-1027,-1027,-1027,-1027
爱夫依大酒店,121.241291,31.38532912,-1026,-1026,-1026,-1026
天易大酒店,121.153038,31.30126,-1025,-1025,-1025,-1025
极速F1度假酒店,121.166489,31.272619,-1024,-1024,-1024,-1024
上海协通宾馆,121.21703,31.2756,-1023,-1023,-1023,-1023
蕾枫大酒店,121.213608,31.27227,-1022,-1022,-1022,-1022
黄渡大酒店,121.2171,31.26732,-1021,-1021,-1021,-1021
协通大酒店,121.217842,31.276381,-1020,-1020,-1020,-1020
青浦人家宾馆,121.12288,31.17507,-1019,-1019,-1019,-1019
佳佳宾馆,121.128029,31.15657,-1018,-1018,-1018,-1018
信天翁大酒店,121.09545,31.16136,-1017,-1017,-1017,-1017
闽佳宾馆,0,0,-1016,-1016,-1016,-1016
东方绿洲绿洲宾馆,121.0075,31.09846,-1015,-1015,-1015,-1015
潘松阁大酒店,121.13573,31.14599,-1014,-1014,-1014,-1014
商龙酒店,120.925,31.11618,-1013,-1013,-1013,-1013
红舒阁大酒店,121.098488,31.14971,-1012,-1012,-1012,-1012
青浦财兴大酒店,121.10865,31.14584,-1011,-1011,-1011,-1011
上海安亭新镇公寓式酒店,121.16802,31.27158,-1010,-1010,-1010,-1010
大众宾馆,121.16291,31.29571,-1009,-1009,-1009,-1009
上海顺利大酒店,121.399712,31.620371,-1008,-1008,-1008,-1008
上海淀山湖宾馆,120.91638,31.06669,-1007,-1007,-1007,-1007
上海园湖苑宾馆,120.915359,31.06735,-1006,-1006,-1006,-1006
迎园宾馆,121.24382,31.38251,-1005,-1005,-1005,-1005
凯利来大酒店,121.30721,31.43467,-1004,-1004,-1004,-1004
上海怡豪假日酒店,121.15386,31.15952,-1003,-1003,-1003,-1003
上海忠心大酒店,121.217537,31.31707,-1002,-1002,-1002,-1002
上海新鹭大酒店,121.17416,31.29509,-1001,-1001,-1001,-1001
文苑商务酒店,120.894798,32.008903,-1000,-1000,-1000,-1000
苏州白金汉爵大酒店,120.630043,31.41888,-999,-999,-999,-999
张家港星程步行街壹云酒店,120.5404419,31.86301354,-998,-998,-998,-998
西塘凤凰宾馆,120.891814,30.94296503,-997,-997,-997,-997
苏州云泉小筑温泉会所酒店,120.47438,31.35977,-996,-996,-996,-996
上海东方绿舟别墅酒店,121.01432,31.105215,-995,-995,-995,-995
吴江市天湖楼商务酒店,120.643481,31.15815887,-994,-994,-994,-994
南通希尔国际大酒店,120.8276931,32.01293887,-993,-993,-993,-993
南通青年西路星程国际海缘酒店,120.854866,32.003929,-992,-992,-992,-992
昆山柏悦酒店,120.9736224,31.38217913,-991,-991,-991,-991
苏州胜家宾馆,120.618282,31.33221288,-990,-990,-990,-990
太仓郑和国际酒店,121.1938049,31.61055014,-989,-989,-989,-989
乌镇梦佳商务酒店,120.4953003,30.73196852,-988,-988,-988,-988
苏州中新科技城邻里商务酒店,120.738054,31.36705392,-987,-987,-987,-987
苏州榕城商务酒店,120.5899179,31.2910388,-986,-986,-986,-986
格林豪泰上海嘉定环城路快捷酒店,121.2383714,31.3812899,-985,-985,-985,-985
北京希尔顿大酒店,120.089363,30.873031,-984,-984,-984,-984
苏州托尼洛兰博基尼书苑酒店,120.682625,31.321941,-983,-983,-983,-983
好阳光大酒店,120.664817,31.312957,-982,-982,-982,-982
苏州星程精品苏州人家酒店,120.629501,31.310499,-981,-981,-981,-981
邻里假日酒店,120.746223,31.275988,-980,-980,-980,-980
柏悦酒店,120.97644,31.381107,-979,-979,-979,-979
无锡梁鸿湿地丽笙度假酒店,120.505874,31.509641,-978,-978,-978,-978
苏州浙商商务酒店,120.631805,31.390427,-977,-977,-977,-977
无锡市安镇翠竹苑大酒店,120.481079,31.624626,-976,-976,-976,-976
华西村龙希国际大酒店,120.42678,31.82867,-975,-975,-975,-975
苏州雅戈尔雷迪森大酒店,120.7118511,31.33007816,-974,-974,-974,-974
上海正峰宾馆,121.2099622,31.26396288,-973,-973,-973,-973
苏州九州商务宾馆,120.6292181,31.25217903,-972,-972,-972,-972
浙北水上大酒店,120.80722,30.999635,-971,-971,-971,-971
诚顺宾馆,120.6212,31.311578,-970,-970,-970,-970
华西龙希大酒店,120.510589,31.807353,-969,-969,-969,-969
大三元酒店,120.873413,32.011642,-968,-968,-968,-968
苏州缀美主题酒店,120.625107,31.313919,-967,-967,-967,-967
金鸡湖新罗酒店,120.684585,31.381338,-966,-966,-966,-966
港龙大酒店,120.614746,31.242904,-965,-965,-965,-965
乌镇子夜酒店,120.4929498,30.73873153,-964,-964,-964,-964
裕昌楼鲍翅海鲜大酒店,120.530929,31.874372,-963,-963,-963,-963
水之韵酒店,120.853401,31.12681,-962,-962,-962,-962
平江府酒店,120.623421,31.313824,-961,-961,-961,-961
好阳光酒店,120.665062,31.313097,-960,-960,-960,-960
中茵皇冠假日酒店,120.651024,31.317883,-959,-959,-959,-959
上海皇家艾美酒店,120.983566,31.026266,-958,-958,-958,-958
苏州威联豪生大酒店,120.594856,31.216633,-957,-957,-957,-957
金鸡湖大酒店,120.639603,31.327616,-956,-956,-956,-956
苏新缘大酒店,120.593231,31.214979,-955,-955,-955,-955
大富豪鲍翅海鲜酒店,120.554687,31.877113,-954,-954,-954,-954
湖州喜来登温泉度假酒店,120.10467,30.9622,-953,-953,-953,-953
苏州新城花园酒店,120.57186,31.29459,-952,-952,-952,-952
苏州福朋酒店,120.726608,31.25975,-951,-951,-951,-951
阳澄湖澜廷度假酒店,120.71369,31.31536,-950,-950,-950,-950
三香快捷酒店,120.603218,31.296576,-949,-949,-949,-949
红葡萄精品酒店,120.104705,30.869565,-948,-948,-948,-948
湖光山色酒店,120.47071,31.227455,-947,-947,-947,-947
宜必思酒店,120.492477,31.35387,-946,-946,-946,-946
女儿红大酒店,120.6128,31.29763,-945,-945,-945,-945
天香百合大酒店,120.603,31.2778,-944,-944,-944,-944
大弟弟酒店,120.627,31.3891,-943,-943,-943,-943
荷香园大酒店,120.573997,31.4119,-942,-942,-942,-942
天平泉大酒店,120.503,31.2774,-941,-941,-941,-941
尊悦大酒店,120.33033,31.93985,-940,-940,-940,-940
云宾楼大酒店,120.285,31.93,-939,-939,-939,-939
迎湖星座酒店,120.431,31.422,-938,-938,-938,-938
御湖园大酒店,120.527,31.2774,-937,-937,-937,-937
帝宫大酒店,120.938004,31.386,-936,-936,-936,-936
雄风海鲜酒店,121.271,31.507,-935,-935,-935,-935
新浦东大酒店,120.545998,31.427999,-934,-934,-934,-934
新华辰大酒店,120.632,31.1709,-933,-933,-933,-933
锦阳鱼港大酒店,120.622,31.2668,-932,-932,-932,-932
颖尚花园酒店,120.501,31.493,-931,-931,-931,-931
锦上添花大酒店,120.726,31.6681,-930,-930,-930,-930
粤港轩大酒店,120.447631,31.478775,-929,-929,-929,-929
汉庭舫大酒店,120.642,31.3115,-928,-928,-928,-928
鹭圆生态酒店,121.199,31.5573,-927,-927,-927,-927
格豪酒店,120.735001,31.297001,-926,-926,-926,-926
渔湾壹号大酒店,120.556,31.0163,-925,-925,-925,-925
洋洋大酒店,120.518,31.2681,-924,-924,-924,-924
丽江南酒店,120.99002,31.395689,-923,-923,-923,-923
名烽楼酒店,120.511002,31.2561,-922,-922,-922,-922
知音大酒店,120.510002,30.9119,-921,-921,-921,-921
福祥豪门大酒店,120.717,31.1525,-920,-920,-920,-920
北海大酒店,120.564,31.8402,-919,-919,-919,-919
育龙大酒店,120.640999,30.9776,-918,-918,-918,-918
四季天香大酒店,120.755,31.6622,-917,-917,-917,-917
四季渔港大酒店,120.615,31.2483,-916,-916,-916,-916
喜羊羊大酒店,120.48,31.2685,-915,-915,-915,-915
聚福楼大酒店,120.851,31.008,-914,-914,-914,-914
缀美主题酒店,120.624962,31.313841,-913,-913,-913,-913
梦回秦关大酒店,120.410545,31.950263,-912,-912,-912,-912
锦湖大酒店,120.852684,31.456957,-911,-911,-911,-911
凯马大酒店,120.539001,31.2575,-910,-910,-910,-910
托尼洛兰博基尼书苑酒店,120.682762,31.321112,-909,-909,-909,-909
苏州托尼洛.兰博基尼书苑酒店,120.682755,31.321125,-908,-908,-908,-908
康诺大酒店,119.916763,31.025587,-907,-907,-907,-907
新会龙泉渡假酒店,120.707061,31.245368,-906,-906,-906,-906
青山酒店,120.426109,31.328388,-905,-905,-905,-905
洲际酒店,120.657524,31.337413,-904,-904,-904,-904
永乐大酒店,120.649002,31.4671,-903,-903,-903,-903
柏悦大酒店,120.972915,31.3812,-902,-902,-902,-902
金巴黎大酒店,120.405807,31.859869,-901,-901,-901,-901
同里阳光驿站商务酒店,120.71032,31.156219,-900,-900,-900,-900
半岛酒店,121.182929,31.487173,-899,-899,-899,-899
宝燕海鲜大酒店,121.133499,31.1444,-898,-898,-898,-898
苏州金鸡湖凯宾斯基宾馆,120.706184,31.282234,-897,-897,-897,-897
无锡新区白玉兰酒店,120.381546,31.515663,-896,-896,-896,-896
陆振兴大酒店,120.627014,31.314035,-895,-895,-895,-895
太平洋酒店,120.997985,31.162542,-894,-894,-894,-894
唐之韵大酒店,121.163,31.2902,-893,-893,-893,-893
托尼洛.兰博基尼书宛酒店,120.684013,31.324428,-892,-892,-892,-892
品海酒店,121.260002,31.408701,-891,-891,-891,-891
新水晶坊大酒店,120.60894,31.284883,-890,-890,-890,-890
博京国际酒店,120.74453,31.620138,-889,-889,-889,-889
同里湖大酒店,120.762352,31.150776,-888,-888,-888,-888
曹湖度假酒店,120.599624,31.500116,-887,-887,-887,-887
无锡雨后山林温泉酒店,120.474937,31.598793,-886,-886,-886,-886
君澜国际酒店,120.621696,30.900478,-885,-885,-885,-885
苏州威联豪生酒店,120.598655,31.214468,-884,-884,-884,-884
玉荣国际大酒店,121.0165253,31.25894928,-883,-883,-883,-883
希尔顿大酒店,121.153457,31.28861,-882,-882,-882,-882
锦庭商务宾馆,120.634323,31.963644,-881,-881,-881,-881
水天堂大酒店,120.600479,31.26498,-880,-880,-880,-880
建屋豪生全套房酒店,120.677978,31.295841,-879,-879,-879,-879
昆山费尔蒙酒店,120.890938,31.407816,-878,-878,-878,-878
靖江泰州滨江花园酒店,120.266143,31.95997,-877,-877,-877,-877
苏州金陵观园国际酒店,120.722618,31.2732,-876,-876,-876,-876
金鸡湖凯宾斯基大酒店,120.711387,31.314144,-875,-875,-875,-875
喜来登酒店,120.123322,30.859003,-874,-874,-874,-874
中茵皇冠酒店,120.682228,31.321796,-873,-873,-873,-873
中油泰富国际酒店,120.561157,31.847881,-872,-872,-872,-872
天津滨海圣光皇冠假日酒店,120.985061,31.401008,-871,-871,-871,-871
无锡白玉兰酒店,120.379013,31.514017,-870,-870,-870,-870
百味饺子酒店,0,0,-869,-869,-869,-869
四季瑞丽酒店,120.08165,30.881174,-868,-868,-868,-868
郑和国际大酒店,121.20922,31.620361,-867,-867,-867,-867
苏州工业园区独墅湖世尊酒店,120.74311,31.269491,-866,-866,-866,-866
唯景酒店,120.647369,30.906927,-865,-865,-865,-865
阳光绿洲生态酒店,120.10746,30.915653,-864,-864,-864,-864
金悦大酒店,120.325538,31.891746,-863,-863,-863,-863
苏州凯宾斯基酒店,120.64801,31.325787,-862,-862,-862,-862
新黄埭大酒店,120.591529,31.376796,-861,-861,-861,-861
春申湖大酒店,120.525253,31.416675,-860,-860,-860,-860
华西金塔宾馆,120.434364,31.833463,-859,-859,-859,-859
布丁连锁酒店,120.623847,31.317485,-858,-858,-858,-858
福朋喜来登酒店,121.140502,31.468719,-857,-857,-857,-857
毗山湾酒店,120.370735,31.837291,-856,-856,-856,-856
昆山兰博基尼酒店,120.960342,31.384476,-855,-855,-855,-855
昆山费尔蒙大酒店,120.886765,31.371296,-854,-854,-854,-854
沃姆酒店,120.723014,31.320777,-853,-853,-853,-853
张家港宾馆,120.545867,31.872238,-852,-852,-852,-852
新梅华大酒店,120.72068,31.317235,-851,-851,-851,-851
巴城金龙大酒店,120.849136,31.450018,-850,-850,-850,-850
都市汇精品酒店,120.951454,31.411537,-849,-849,-849,-849
苏州乐活精品酒店,120.636795,31.319622,-848,-848,-848,-848
海溢商务宾馆,120.844467,31.550739,-847,-847,-847,-847
新紫金大酒店,119.920135,31.026728,-846,-846,-846,-846
东港镇鼎尚酒店,120.546501,31.700084,-845,-845,-845,-845
湖州四季瑞丽精品酒店,120.082748,30.88278,-844,-844,-844,-844
无锡新区希尔顿逸林酒店,120.396247,31.509885,-843,-843,-843,-843
汉傧精品酒店,120.611305,31.304821,-842,-842,-842,-842
太仓华旭假日酒店,121.111305,31.443586,-841,-841,-841,-841
华旭假日酒店,121.111343,31.443561,-840,-840,-840,-840
新城花园大酒店,120.598091,31.29916,-839,-839,-839,-839
阳澄湖澜庭假日酒店,120.694054,31.457493,-838,-838,-838,-838
白金翰宫温泉酒店,120.805222,31.636749,-837,-837,-837,-837
佳城酒店,121.392616,31.627422,-836,-836,-836,-836
星程瑞港国际酒店,120.4409869,31.4783278,-835,-835,-835,-835
荣森商务酒店,120.6248989,31.2948823,-834,-834,-834,-834
桐星国际酒店,120.588028,31.313324,-833,-833,-833,-833
元泰酒店,120.430855,30.881617,-832,-832,-832,-832
苏州香格里拉大酒店,120.641876,31.031971,-831,-831,-831,-831
今雨来大酒店,120.848763,31.450127,-830,-830,-830,-830
金雨来大酒店,120.84613,31.453901,-829,-829,-829,-829
吴宫泛太平洋酒店,120.612923,31.288696,-828,-828,-828,-828
虹桥元一希尔顿酒店,121.234207,31.395796,-827,-827,-827,-827
苏州市南苑国际养生酒店,120.615036,31.245741,-826,-826,-826,-826
无锡新湖铂尔曼大酒店,120.368713,31.488344,-825,-825,-825,-825
苏州洲际酒店,120.635361,31.303534,-824,-824,-824,-824
江南明悦大酒店,120.446182,31.477768,-823,-823,-823,-823
托尼洛兰博基尼酒店,120.952644,31.383141,-822,-822,-822,-822
荡口迎宾楼大酒店,120.545898,31.524265,-821,-821,-821,-821
欣达大酒店,120.392128,30.949989,-820,-820,-820,-820
华西龙希国际大酒店,120.42659,31.82869,-819,-819,-819,-819
江枫渔火大酒店,120.88521,32.02242,-818,-818,-818,-818
商务阳澄半岛酒店,120.689972,31.457901,-817,-817,-817,-817
苏州万怡酒店,120.740814,31.31673,-816,-816,-816,-816
星耀国际酒店,120.619163,31.303455,-815,-815,-815,-815
苏州f直都市置业华美达酒店,120.863632,31.268614,-814,-814,-814,-814
维也纳国际酒店,120.526718,31.277252,-813,-813,-813,-813
连江大酒店,120.8460397,31.4629696,-812,-812,-812,-812
晋合广场 ?凯悦酒店,120.7064315,31.3247004,-811,-811,-811,-811
苏州春申湖假日酒店,120.683914,31.316629,-810,-810,-810,-810
威斯汀风尚酒店,120.862869,32.015366,-809,-809,-809,-809
阳澄湖费尔蒙酒店,120.947784,31.34148,-808,-808,-808,-808
久怡假日酒店,120.610191,31.362154,-807,-807,-807,-807
昆山托尼洛兰博基尼酒店,120.953445,31.385227,-806,-806,-806,-806
阳澄万丽酒店,120.646111,31.411327,-805,-805,-805,-805
御府大酒店,120.332993,31.888006,-804,-804,-804,-804
阿勇皇家花园酒店,121.222824,31.260124,-803,-803,-803,-803
玲珑湾酒店,120.563939,31.845032,-802,-802,-802,-802
苏州独墅湖国际会议酒店,120.718834,31.303799,-801,-801,-801,-801
苏州香雪海大酒店,120.6477754,31.3062898,-800,-800,-800,-800
江南四季酒店,120.616295,31.34543,-799,-799,-799,-799
开心鱼大酒店,120.60435,31.33663,-798,-798,-798,-798
军港大酒店,121.09898,31.15741,-797,-797,-797,-797
南通希尔顿酒店,120.8849411,31.97552681,-796,-796,-796,-796
岳来酒店,121.133476,31.157419,-795,-795,-795,-795
兆丰阁大酒店,120.87913,31.9866,-794,-794,-794,-794
月半湾酒店,120.63087,31.40274,-793,-793,-793,-793
锦春大酒店,120.8923,32.01062,-792,-792,-792,-792
皇廷海鲜大酒店,120.103676,30.87324,-791,-791,-791,-791
江南楼大酒店,120.68219,31.343479,-790,-790,-790,-790
水连天大酒店,120.635582,31.40333,-789,-789,-789,-789
阳澄湖澜庭度假酒店,120.78737,31.41683,-788,-788,-788,-788
七叶湾大酒店,120.100723,30.918605,-787,-787,-787,-787
兰郡酒店,121.174698,31.353939,-786,-786,-786,-786
东吴?水韵假日酒店,120.640083,31.265919,-785,-785,-785,-785
苏州市东吴水韵假日酒店,120.635086,31.271877,-784,-784,-784,-784
苏州天颐温泉酒店,120.551586,31.213498,-783,-783,-783,-783
虹桥万豪大酒店,121.2342,31.3958,-782,-782,-782,-782
四海宾馆,120.688179,31.347688,-781,-781,-781,-781
苏州市香格里拉大酒店,120.514,31.264793,-780,-780,-780,-780
春夏秋冬大酒店,120.526917,30.85096,-779,-779,-779,-779
北京王府井半u酒店,120.618876,31.314557,-778,-778,-778,-778
枕水酒店,120.4807358,30.7484951,-777,-777,-777,-777
上海夏阳湖皇冠假期酒店,121.134423,31.155013,-776,-776,-776,-776
阳澄半岛酒店,120.694084,31.460403,-775,-775,-775,-775
托尼沃?兰博基尼大酒店,120.9494294,31.38520095,-774,-774,-774,-774
泊逸精品酒店,120.544678,31.293065,-773,-773,-773,-773
书香世家平江华府精品酒店,120.6280849,31.317647,-772,-772,-772,-772
太湖水仙酒店,120.575577,31.31163,-771,-771,-771,-771
沙家浜海泉湾温泉度假酒店,120.785957,31.552097,-770,-770,-770,-770
燕江南大酒店,120.590241,31.219587,-769,-769,-769,-769
顺风港大酒店,120.607063,31.343266,-768,-768,-768,-768
海悦大酒店,120.66155,31.17164,-767,-767,-767,-767
南京溧水约翰温泉大酒店,120.39919,31.38372,-766,-766,-766,-766
阳澄湖维景国际度假酒店,120.861,31.379499,-765,-765,-765,-765
马哥孛罗大酒店,120.621547,31.309259,-764,-764,-764,-764
紫金港大酒店,120.870834,32.029755,-763,-763,-763,-763
家美138宾馆,120.616306,31.314088,-762,-762,-762,-762
桥梓湾大酒店,121.109169,31.15169,-761,-761,-761,-761
兰博基尼酒店,120.952583,31.383078,-760,-760,-760,-760
盛泽知音大酒店,120.59714,30.90047,-759,-759,-759,-759
盛泽大酒店,120.59714,30.90047,-758,-758,-758,-758
无锡帕尔曼大酒店,120.363861,31.49033,-757,-757,-757,-757
百益德精品酒店,120.503387,31.370962,-756,-756,-756,-756
昆山市天元宾馆,120.956253,31.380066,-755,-755,-755,-755
月亮湾百盛大酒店,120.722725,31.270405,-754,-754,-754,-754
湖光山色大酒店,120.477293,31.234094,-753,-753,-753,-753
格林联盟上海安亭地铁站酒店,121.141016,31.289259,-752,-752,-752,-752
湖州市东盛国际大酒店,120.27211,30.862717,-751,-751,-751,-751
沙家浜会议中心温泉酒店,120.789673,31.548435,-750,-750,-750,-750
荣港酒店,121.243954,31.382859,-749,-749,-749,-749
苏州金鸡湖沃姆酒店,120.711311,31.323989,-748,-748,-748,-748
震泽知音酒店,120.5090455,30.9118678,-747,-747,-747,-747
华美达酒店,120.863129,31.268318,-746,-746,-746,-746
独墅湖世尊酒店,120.635911,31.33217,-745,-745,-745,-745
永联小镇度假村酒店,120.712925,31.848452,-744,-744,-744,-744
太仓雅园宾馆,121.097349,31.457657,-743,-743,-743,-743
苏州久怡假日酒店,120.608559,31.363892,-742,-742,-742,-742
锦江酒店,121.1124791,31.4515872,-741,-741,-741,-741
宾利大酒店,120.118439,30.859695,-740,-740,-740,-740
安惠大酒店,120.910439,31.949699,-739,-739,-739,-739
黄浦花园大酒店,121.0072,31.38403,-738,-738,-738,-738
金霆大酒店,120.8494,32.04305,-737,-737,-737,-737
元隆酒店,120.9832,31.35853,-736,-736,-736,-736
黄海大酒店,0,0,-735,-735,-735,-735
太湖大酒店,120.630825,31.165125,-734,-734,-734,-734
永安大酒店,120.962494,31.603943,-733,-733,-733,-733
喜来登温泉假日酒店,120.058258,30.898102,-732,-732,-732,-732
苏州新区新城花园酒店,120.638687,31.320539,-731,-731,-731,-731
英伦大酒店,121.141427,31.178611,-730,-730,-730,-730
江苏省常熟市支塘镇永安大酒店,120.951683,31.605711,-729,-729,-729,-729
凤凰大酒店,120.089775,30.879431,-728,-728,-728,-728
维也纳大酒店,120.517174,31.273371,-727,-727,-727,-727
翠竹苑大酒店,120.47229,31.625408,-726,-726,-726,-726
锦源假日酒店,120.661916,30.917459,-725,-725,-725,-725
常州湖景佳苑大酒店,120.63869,31.32054,-724,-724,-724,-724
金石国际大酒店,120.873856,32.011139,-723,-723,-723,-723
铂尔曼大酒店,120.439377,31.502609,-722,-722,-722,-722
枫林大酒店,120.74797,31.658881,-721,-721,-721,-721
江南红大酒店,120.62851,31.282659,-720,-720,-720,-720
纳维斯酒店,121.213928,31.601461,-719,-719,-719,-719
HolidayInn假日酒店,121.101952,31.445244,-718,-718,-718,-718
新小地方大酒店,121.259956,31.506708,-717,-717,-717,-717
青浦宾馆,121.109497,31.180533,-716,-716,-716,-716
润华大酒店,120.285416,31.472752,-715,-715,-715,-715
粤港轩酒店,120.443644,31.47972,-714,-714,-714,-714
米兰宾馆,120.616667,31.399599,-713,-713,-713,-713
泓N苑酒店,120.295233,31.899076,-712,-712,-712,-712
金国际大酒店,120.26705,31.983649,-711,-711,-711,-711
维景大酒店,120.620422,31.310211,-710,-710,-710,-710
无锡锦仑大酒店,120.63869,31.32054,-709,-709,-709,-709
滨江花园酒店,121.265398,31.507504,-708,-708,-708,-708
天域花园酒店,120.670197,31.320909,-707,-707,-707,-707
隆泰园大酒店,120.591781,31.923358,-706,-706,-706,-706
龙西路汉庭酒店,120.617828,31.300583,-705,-705,-705,-705
银河国际酒店,120.300826,31.89612,-704,-704,-704,-704
如皋金盛大酒店,120.596237,32.047661,-703,-703,-703,-703
恒天海港大酒店,120.278506,31.997368,-702,-702,-702,-702
东胜国际大酒店,120.273287,30.863199,-701,-701,-701,-701
兰博基尼书院酒店,120.676979,31.322157,-700,-700,-700,-700
香格里拉酒店,120.54097,31.30217,-699,-699,-699,-699
南浔开元名都大酒店,120.428436,30.854986,-698,-698,-698,-698
凯泰大酒店,120.765032,31.664898,-697,-697,-697,-697
西栅望津里酒店,120.475677,30.754004,-696,-696,-696,-696
尧歌山水酒店,120.242317,31.460552,-695,-695,-695,-695
妙香大酒店,120.71858,31.31716,-694,-694,-694,-694
虞庭轩大酒店,120.87046,31.70502,-693,-693,-693,-693
百盛容湖酒店,120.280144,31.960222,-692,-692,-692,-692
海佳大酒店,120.884618,31.383935,-691,-691,-691,-691
金顾山大酒店,120.550186,31.735657,-690,-690,-690,-690
暨阳湖大酒店,120.545,31.8432,-689,-689,-689,-689
八字塘酒店,121.260521,31.411219,-688,-688,-688,-688
莱茵大酒店,121.103543,31.489406,-687,-687,-687,-687
苏州百益德酒店,120.508176,31.367467,-686,-686,-686,-686
昆山兰托尼洛?博基尼酒店,120.948045,31.385555,-685,-685,-685,-685
苏州独墅湖世尊酒店,120.724468,31.267547,-684,-684,-684,-684
余坤开元大酒店,120.878684,32.000225,-683,-683,-683,-683
金悦国际酒店,120.269806,31.982492,-682,-682,-682,-682
苏州马哥孛罗酒店,120.621582,31.317371,-681,-681,-681,-681
裕元花园酒店,120.974655,31.377548,-680,-680,-680,-680
中联粤海国际酒店,120.537735,31.874237,-679,-679,-679,-679
月亮酒店,120.103378,30.886847,-678,-678,-678,-678
杭州西湖宾馆,120.27681,32.005833,-677,-677,-677,-677
中华园大酒店,120.519462,31.289278,-676,-676,-676,-676
汉姆连锁酒店,120.850732,32.034038,-675,-675,-675,-675
苏州香格里拉酒店,120.577644,31.291433,-674,-674,-674,-674
永联小镇度假酒店,120.712488,31.84668,-673,-673,-673,-673
碎石宾馆,120.367011,31.046729,-672,-672,-672,-672
苏州大浪淘沙温泉酒店,120.65181,31.393553,-671,-671,-671,-671
三亚丽斯卡尔顿酒店,120.620804,31.292562,-670,-670,-670,-670
福郡大酒店,120.501372,31.371018,-669,-669,-669,-669
天逅四星级主题酒店,120.624984,31.31027,-668,-668,-668,-668
如家酒店,120.878357,32.004891,-667,-667,-667,-667
金腾大酒店,120.647814,31.279852,-666,-666,-666,-666
太湖水仙大酒店,120.576146,31.31447,-665,-665,-665,-665
朱家角皇家金熙酒店,121.125403,31.220063,-664,-664,-664,-664
上海虹桥万豪大酒店,121.1908238,31.3982585,-663,-663,-663,-663
昆山格林菲尔华美达大酒店,120.972267,31.36116,-662,-662,-662,-662
天逅主题酒店,120.599266,31.316299,-661,-661,-661,-661
金悦国际大酒店,120.269882,31.982498,-660,-660,-660,-660
乌镇西栅望津里精品酒店,120.473404,30.74987,-659,-659,-659,-659
宜兴市丁山国际大酒店,119.891873,31.258851,-658,-658,-658,-658
昆山波尔曼酒店,120.931808,31.380894,-657,-657,-657,-657
格林菲尔华美达广场大酒店,121.01339,31.262934,-656,-656,-656,-656
江南春宾馆,120.724909,31.46631,-655,-655,-655,-655
太湖喜来登月亮酒店,120.17894,30.889557,-654,-654,-654,-654
文汇广场绿地商务宾馆,120.734222,31.279358,-653,-653,-653,-653
苏州市冠云大酒店,120.590615,31.318411,-652,-652,-652,-652
南京中心大酒店,120.63869,31.32054,-651,-651,-651,-651
西塘烟雨江南宾馆,120.88578,30.946987,-650,-650,-650,-650
皇冠国际会展酒店,120.921607,31.406617,-649,-649,-649,-649
银河酒店,120.313568,31.896515,-648,-648,-648,-648
苏州同里银杏楼宾馆,120.715836,31.155266,-647,-647,-647,-647
龙辰王朝大酒店,120.491325,31.746229,-646,-646,-646,-646
青柠主题酒店,120.587101,31.214443,-645,-645,-645,-645
中天黄海大酒店,120.87053,32.00933,-644,-644,-644,-644
咸亨酒店,120.904587,31.945328,-643,-643,-643,-643
金鸡湖凯金斯基大酒店,120.667336,31.29291,-642,-642,-642,-642
扬子江宾馆,120.415604,31.959412,-641,-641,-641,-641
凯宾斯基大酒店,120.61293,31.32233,-640,-640,-640,-640
R哥波_大酒店,120.618393,31.314552,-639,-639,-639,-639
元一希尔顿酒店,120.63869,31.32054,-638,-638,-638,-638
昭明书舍酒店,120.485786,30.749031,-637,-637,-637,-637
望津里精品酒店,120.48111,30.752161,-636,-636,-636,-636
洲际大酒店,120.628001,31.317427,-635,-635,-635,-635
无锡君来世尊酒店,120.387283,31.484039,-634,-634,-634,-634
沃尔玛大酒店,120.635521,31.168528,-633,-633,-633,-633
太仓苏韵阁酒店,121.067253,31.563442,-632,-632,-632,-632
金石大酒店,120.916771,31.945845,-631,-631,-631,-631
苏州东沙湖邻里商务酒店,120.754318,31.336206,-630,-630,-630,-630
红葡萄大酒店,120.097031,30.876751,-629,-629,-629,-629
吴江石湖大酒店,120.677314,31.165808,-628,-628,-628,-628
九颐坊酒店,120.932236,31.379625,-627,-627,-627,-627
昆山皇冠会展酒店,120.923058,31.37915,-626,-626,-626,-626
发来商务宾馆,120.419366,30.862859,-625,-625,-625,-625
阳光春晖生态园大酒店,120.49588,31.816698,-624,-624,-624,-624
苏州竹辉宾馆,120.63356,31.296461,-623,-623,-623,-623
启秀戴斯酒店,120.855423,32.032379,-622,-622,-622,-622
7天连锁酒店,120.572487,31.258965,-621,-621,-621,-621
布丁酒店,120.609276,31.318802,-620,-620,-620,-620
石路久灵大酒店,120.507635,31.259962,-619,-619,-619,-619
黄金水岸大酒店,120.41156,31.21156,-618,-618,-618,-618
旺山耕岛度假酒店,120.59036,31.20895,-617,-617,-617,-617
福运天地酒店,120.55052,31.31932,-616,-616,-616,-616
长晟温姆至尊豪廷大酒店,120.290939,31.910187,-615,-615,-615,-615
千灯华美达大酒店,121.012555,31.257564,-614,-614,-614,-614
海森宾馆,120.608841,30.801353,-613,-613,-613,-613
沐兰精品酒店,121.010452,31.411301,-612,-612,-612,-612
浪漫满屋主题宾馆,120.5685,31.25753,-611,-611,-611,-611
唯盛邻里商务酒店,120.708976,31.37455,-610,-610,-610,-610
茉莉花假日酒店,120.59483,31.312082,-609,-609,-609,-609
昆山百度商务宾馆,120.969683,31.393329,-608,-608,-608,-608
牛仔佳怡假日酒店,120.332115,31.166952,-607,-607,-607,-607
苏州皇冠假日酒店,120.853172,31.374216,-606,-606,-606,-606
太湖阳光酒店,120.328499,31.216255,-605,-605,-605,-605
东山宾馆,120.683731,31.101624,-604,-604,-604,-604
昆山花桥希尔顿逸林酒店,121.154259,31.287498,-603,-603,-603,-603
佳丽秀水商务酒店,120.863075,32.009842,-602,-602,-602,-602
迪迈大酒店,120.261887,30.868607,-601,-601,-601,-601
浙北大酒店,120.131393,30.858261,-600,-600,-600,-600
桃花坞创意汽车宾馆,120.614983,31.319839,-599,-599,-599,-599
开元名都大酒店,120.431236,30.855512,-598,-598,-598,-598
金太阳酒店,121.134101,31.144641,-597,-597,-597,-597
长福快捷酒店,120.553116,31.263395,-596,-596,-596,-596
鹿鸣庄酒店,120.56266,31.894627,-595,-595,-595,-595
万豪酒店,120.587288,31.301193,-594,-594,-594,-594
珀丽酒店,120.885323,31.99971,-593,-593,-593,-593
汉鑫酒店,120.621758,31.310637,-592,-592,-592,-592
苏州市会议中心大酒店,120.622169,31.300852,-591,-591,-591,-591
嘉兴市戴梦得大酒店,120.657793,30.898184,-590,-590,-590,-590
阳阳大酒店,120.854782,32.002193,-589,-589,-589,-589
南浔超悦商务酒店,120.432392,30.872361,-588,-588,-588,-588
苏州黄金水岸大酒店,120.457234,31.222142,-587,-587,-587,-587
仁安商务宾馆,120.598686,31.33297,-586,-586,-586,-586
江苏苏州香格里拉大酒店,120.571083,31.314243,-585,-585,-585,-585
姗娜拉酒店,120.491737,30.743315,-584,-584,-584,-584
喜来登度假酒店,120.1137,30.860616,-583,-583,-583,-583
金玲珑酒店,120.503216,31.257855,-582,-582,-582,-582
老闸大酒店,120.507523,32.000294,-581,-581,-581,-581
苏州会议中心大酒店,120.619659,31.305994,-580,-580,-580,-580
水云阁精品酒店,120.849518,31.114943,-579,-579,-579,-579
沙洲湖大酒店,120.563507,31.89209,-578,-578,-578,-578
金凯华大酒店,120.486145,30.845688,-577,-577,-577,-577
希尔顿逸林酒店,121.021896,31.345579,-576,-576,-576,-576
中国华西陇西国际大酒店,120.553122,31.7055,-575,-575,-575,-575
御泉大酒店,121.121388,31.150479,-574,-574,-574,-574
平门楼宾馆,120.611031,31.329206,-573,-573,-573,-573
上海香格里拉大酒店,120.964141,31.314298,-572,-572,-572,-572
格林豪泰酒店,120.638908,31.963118,-571,-571,-571,-571
平江华府精品酒店,120.630768,31.31447,-570,-570,-570,-570
北海宾馆,120.403931,31.958811,-569,-569,-569,-569
香格里拉松赞绿谷酒店,120.61055,31.294865,-568,-568,-568,-568
南通金石商务酒店,120.892877,31.968687,-567,-567,-567,-567
艾程精品酒店,120.540924,31.870584,-566,-566,-566,-566
扬州瘦西湖温泉度假酒店,121.199463,31.408241,-565,-565,-565,-565
香港铜锣湾皇冠假日酒店,120.999535,31.726706,-564,-564,-564,-564
苏州书香世家新浒酒店,120.52729,31.380547,-563,-563,-563,-563
太仓友和城市酒店,121.120239,31.4436,-562,-562,-562,-562
无锡星程瑞港国际酒店,120.44671,31.477465,-561,-561,-561,-561
张家港水云天蝴蝶酒店,120.53681,31.863,-560,-560,-560,-560
常熟金陵天铭国际大酒店,120.755798,31.65423,-559,-559,-559,-559
苏州太湖金庭宾馆,120.320254,31.135735,-558,-558,-558,-558
西塘平桥酒店,120.896217,30.943602,-557,-557,-557,-557
无锡润华大酒店,120.284386,31.469164,-556,-556,-556,-556
西塘博悦宾馆,120.893232,30.943017,-555,-555,-555,-555
湖州南浔优友万好酒店,120.4188,30.87302,-554,-554,-554,-554
湖州长岛宾馆,120.104152,30.888018,-553,-553,-553,-553
苏州悦程精品酒店,120.626457,31.322371,-552,-552,-552,-552
长兴天悦豪廷大酒店,119.908336,31.005585,-551,-551,-551,-551
西塘东山卧善品度假酒店,120.8969235,30.94432288,-550,-550,-550,-550
乌镇美乐地臻品酒店,120.4911114,30.73276681,-549,-549,-549,-549
湖州美地亚湖景酒店,120.1077211,30.95128837,-548,-548,-548,-548
宜必思苏州乐园浒关酒店,120.509987,31.36031,-547,-547,-547,-547
苏州朗诗假日酒店,120.6328584,31.31907388,-546,-546,-546,-546
苏州旺山缘圆居酒店,120.5508274,31.21311802,-545,-545,-545,-545
乌镇亲戚家酒店,120.4923284,30.74977946,-544,-544,-544,-544
宜必思尚品苏州乐园酒店,120.5416254,31.2947646,-543,-543,-543,-543
昆山阳澄湖连江大酒店,120.8517,31.457895,-542,-542,-542,-542
苏州汉风吴韵大酒店,120.636711,31.319712,-541,-541,-541,-541
张家港星程玲珑湾大酒店,120.564842,31.846862,-540,-540,-540,-540
苏州菁华铭地商务酒店,120.669968,31.279121,-539,-539,-539,-539
苏州尚优快捷宾馆,120.630684,31.307219,-538,-538,-538,-538
苏州福郡大酒店,120.5086007,31.36853281,-537,-537,-537,-537
常熟乾图假日酒店,120.743484,31.635025,-536,-536,-536,-536
汉普顿酒店,120.64505,31.308456,-535,-535,-535,-535
文华大酒店,120.101791,30.868545,-534,-534,-534,-534
香涌海鲜大酒店,121.124137,31.156414,-533,-533,-533,-533
永联度假酒店,120.669739,31.876816,-532,-532,-532,-532
阳澄湖威尼斯假日酒店,120.792674,31.376611,-531,-531,-531,-531
金村国际大酒店,120.708153,31.78783,-530,-530,-530,-530
东方凯悦国际大酒店,120.966362,31.38615,-529,-529,-529,-529
昆山市瑞士大酒店,121.032483,31.318185,-528,-528,-528,-528
苏州福朋喜来登酒店,120.771034,31.28071,-527,-527,-527,-527
张家港中油泰富国际酒店,120.563896,31.847837,-526,-526,-526,-526
I江花@酒店,121.272392,31.512899,-525,-525,-525,-525
希尔顿逸林大酒店,121.154129,31.288513,-524,-524,-524,-524
金陵观园国际酒店,120.673874,31.270124,-523,-523,-523,-523
中信泰富朱家角锦江酒店,121.052566,31.108947,-522,-522,-522,-522
上海颖奕高尔夫皇冠假日酒店,121.082367,31.304196,-521,-521,-521,-521
一品江南时尚酒店,120.501854,31.535671,-520,-520,-520,-520
皇朝大酒店,121.203728,31.248808,-519,-519,-519,-519
南通城山路如家酒店,120.886077,31.966396,-518,-518,-518,-518
浙华快捷酒店,120.614441,31.317865,-517,-517,-517,-517
浦东机场酒店,120.522588,31.249218,-516,-516,-516,-516
华芳金陵国际大酒店,120.579315,31.885277,-515,-515,-515,-515
苏州雅都国际大酒店,120.602562,31.303566,-514,-514,-514,-514
喜来登月亮酒店,120.115798,30.87714,-513,-513,-513,-513
格林联盟酒店,120.843513,32.018551,-512,-512,-512,-512
美国夏威夷瑞查酒店,120.495533,31.52488,-511,-511,-511,-511
苏州金鸡湖新罗酒店,120.585316,31.298886,-510,-510,-510,-510
吴江汇丰国际花园酒店,120.509537,30.912355,-509,-509,-509,-509
苏州金澄锦江国际酒店,120.700844,31.430157,-508,-508,-508,-508
苏州嘉盛丽廷国际酒店,120.615669,31.246239,-507,-507,-507,-507
上海嘉正国际安内吉酒店,121.163452,31.293858,-506,-506,-506,-506
昆山凯迪城商务酒店,120.933815,31.379915,-505,-505,-505,-505
苏州运河花园酒店,120.585316,31.298886,-504,-504,-504,-504
苏州观前一号酒店,120.627029,31.308727,-503,-503,-503,-503
昆山龙乐宝曼酒店,120.850555,31.438367,-502,-502,-502,-502
湖州皇冠酒店,120.130592,30.882884,-501,-501,-501,-501
太仓金陵花园酒店,121.101059,31.45396996,-500,-500,-500,-500
沙家浜凤凰度假酒店,120.783996,31.558855,-499,-499,-499,-499
常熟市中天广场皇冠假日酒店,120.761383,31.662022,-498,-498,-498,-498
长江智选假日酒店,120.553457,31.28470497,-497,-497,-497,-497
源蒙小毛驴酒店,120.6493,31.30545,-496,-496,-496,-496
绿色时代生态大酒店,121.4022479,31.62064879,-495,-495,-495,-495
金陵饭店花园酒店,121.101059,31.45396996,-494,-494,-494,-494
湖景花园国际酒店,120.793337,31.381843,-493,-493,-493,-493
昆山万怡酒店,121.010086,31.384623,-492,-492,-492,-492
威尼斯假日酒店,120.839012,31.39105,-491,-491,-491,-491
和欣苑大酒店,120.9147705,31.07078665,-490,-490,-490,-490
阳明山花园酒店,120.8668594,31.27939987,-489,-489,-489,-489
左岸明珠酒店,120.6764511,31.31013593,-488,-488,-488,-488
沙家浜大酒店,120.772549,31.563931,-487,-487,-487,-487
Pullman Hotel 昆山新港湾铂尔曼酒店,120.9659274,31.40327263,-486,-486,-486,-486
上海美龙大酒店,121.202667,31.413214,-485,-485,-485,-485
天伦之乐大酒店,120.624252,31.297279,-484,-484,-484,-484
华西龙溪国际大酒店,120.4287387,31.82963062,-483,-483,-483,-483
昆山太平洋大酒店,120.9766922,31.19253922,-482,-482,-482,-482
华芳金陵国际酒店,120.546288,31.872845,-481,-481,-481,-481
苏州建屋豪生全套房酒店,120.6772919,31.29423714,-480,-480,-480,-480
静思豪生大酒店,120.6892773,31.1585756,-479,-479,-479,-479
新词大酒店,121.163712,31.291529,-478,-478,-478,-478
pollman hotel 新港湾铂尔曼酒店,120.9659274,31.40327263,-477,-477,-477,-477
苏州香山国际大酒店,120.411194,31.213713,-476,-476,-476,-476
书香世家树山温泉酒店,120.461487,31.367256,-475,-475,-475,-475
宝龙福朋酒店,121.142991,31.463081,-474,-474,-474,-474
商旅阳澄半岛酒店,120.792061,31.40484,-473,-473,-473,-473
上海瀛通大酒店,121.3970952,31.62699655,-472,-472,-472,-472
RAMADA 格林菲尔华美达大酒店,121.0095024,31.37971532,-471,-471,-471,-471
姑苏锦江大酒店,120.6326065,31.2533493,-470,-470,-470,-470
新罗酒店,120.716606,31.315584,-469,-469,-469,-469
天鹤大酒店,121.395996,31.619362,-468,-468,-468,-468
商旅美居酒店,120.7774277,31.33041954,-467,-467,-467,-467
锦江国际大酒店,121.1275787,31.45186043,-466,-466,-466,-466
海悦花园大酒店,120.664886,31.169588,-465,-465,-465,-465
中青尚阁国际酒店,120.486004,31.238727,-464,-464,-464,-464
龙岛大酒店,121.1226,31.16987,-463,-463,-463,-463
苏州清山酒店,120.426239,31.328499,-462,-462,-462,-462
昆山美高美国际酒店,121.0474076,31.31294465,-461,-461,-461,-461
国贸酒店,120.5496826,31.87685013,-460,-460,-460,-460
东方绿舟宾馆,121.0056243,31.09785598,-459,-459,-459,-459
嘉正国际安内吉酒店,121.1578674,31.29349327,-458,-458,-458,-458
独墅湖会议酒店,120.6676407,31.27436447,-457,-457,-457,-457
苏州三德大酒店,120.488113,31.193727,-456,-456,-456,-456
太仓陆渡宾馆,121.188102,31.47624192,-455,-455,-455,-455
锦绣宾馆,121.3994208,31.62212663,-454,-454,-454,-454
万怡酒店,120.6722623,31.3168355,-453,-453,-453,-453
虞城大酒店,120.7580872,31.64513969,-452,-452,-452,-452
凯莱大酒店,120.635307,31.308371,-451,-451,-451,-451
颐舍温泉酒店,120.465439,31.137053,-450,-450,-450,-450
中怡大酒店,120.67873,31.3027,-449,-449,-449,-449
上海居礼国际酒店,121.1167869,31.14951489,-448,-448,-448,-448
苏州阳澄湖维景国际度假酒店,120.630043,31.279297,-447,-447,-447,-447
汇豪国际酒店,120.5669035,31.29371572,-446,-446,-446,-446
普拉那啤酒花园酒店,120.70414,31.32432,-445,-445,-445,-445
娄东宾馆,121.1117208,31.45168514,-444,-444,-444,-444
昆山君豪大酒店,120.98282,31.38304,-443,-443,-443,-443
森林大酒店,120.73508,31.66228,-442,-442,-442,-442
君豪酒店,120.98282,31.38304,-441,-441,-441,-441
苏州人家大酒店,120.629784,31.310249,-440,-440,-440,-440
时风国际假日酒店,120.7558902,31.6435797,-439,-439,-439,-439
美豪大酒店,120.7406181,31.64256297,-438,-438,-438,-438
吴宫泛太平洋大酒店,120.61689,31.28993034,-437,-437,-437,-437
东方云鼎温泉度假酒店,120.8520584,31.44636726,-436,-436,-436,-436
上海朱家角皇家金煦花园酒店,121.046173,31.105709,-435,-435,-435,-435
唐朝大酒店,121.226799,31.31661,-434,-434,-434,-434
豪苑大酒店,120.553719,31.86142,-433,-433,-433,-433
吴越山庄大酒店,120.5550949,31.27837255,-432,-432,-432,-432
太湖温泉酒店,120.3767769,30.95024629,-431,-431,-431,-431
瑞慈假日酒店,120.878822,31.962158,-430,-430,-430,-430
蒋巷宾馆,120.960775,31.5164913,-429,-429,-429,-429
金三角大酒店,120.404381,31.95999,-428,-428,-428,-428
山塘御苑精品酒店,120.6026894,31.31909754,-427,-427,-427,-427
龙盛大酒店,120.503128,31.2547,-426,-426,-426,-426
黄山玉屏楼宾馆,120.29068,31.933069,-425,-425,-425,-425
阳光酒店,120.517895,31.258151,-424,-424,-424,-424
蟹庄园大酒店,120.851707,31.443048,-423,-423,-423,-423
四季假日酒店,120.895859,31.958525,-422,-422,-422,-422
苏州金澄锦江大酒店,120.697922,31.416615,-421,-421,-421,-421
安亭远宁酒店,121.1587868,31.29027793,-420,-420,-420,-420
依山酒店,120.493336,31.29469118,-419,-419,-419,-419
盛虹国际酒店,120.659073,30.900311,-418,-418,-418,-418
天天乐大酒店,120.849426,31.439346,-417,-417,-417,-417
港湾假日酒店,121.264252,31.505835,-416,-416,-416,-416
新桥梓湾大酒店,121.1138,31.149811,-415,-415,-415,-415
靖江百盛容湖大酒店,120.281609,31.977221,-414,-414,-414,-414
龙庭时尚酒店,120.859734,32.015518,-413,-413,-413,-413
昆山景港花园酒店,120.965828,31.385406,-412,-412,-412,-412
清山酒店,120.489555,31.310736,-411,-411,-411,-411
听海雅苑海鲜大酒店,121.2592036,31.51085673,-410,-410,-410,-410
湖庭大酒店,120.7015381,31.43304062,-409,-409,-409,-409
红梨舫大酒店,120.651283,30.91029,-408,-408,-408,-408
银座花园酒店,120.882614,32.011993,-407,-407,-407,-407
龙乐大酒店,120.848549,31.437914,-406,-406,-406,-406
玛斯特堡大酒店,120.338906,31.167574,-405,-405,-405,-405
张家港美伦精品酒店,120.513412,31.869514,-404,-404,-404,-404
彩虹舫大酒店,120.541908,31.255091,-403,-403,-403,-403
新天伦之乐大酒店,120.624207,31.297211,-402,-402,-402,-402
美丽会．家酒店,120.8712691,32.0033831,-401,-401,-401,-401
星程皇朝大酒店,120.6235868,31.31233448,-400,-400,-400,-400
鲤鱼门大酒店,120.572159,31.319443,-399,-399,-399,-399
南通文景国际大酒店,120.88501,31.977858,-398,-398,-398,-398
长盛戴斯(江阴)国际酒店,120.2912038,31.92591501,-397,-397,-397,-397
红船舫酒店,120.767708,31.37113737,-396,-396,-396,-396
百乐门大酒店,120.5050125,31.25523949,-395,-395,-395,-395
阳澄水岸度假酒店,120.7942429,31.40794563,-394,-394,-394,-394
香格里酒店,120.755798,31.678329,-393,-393,-393,-393
林家酒店,120.498306,30.73839,-392,-392,-392,-392
乌镇?黄金水岸大酒店,120.49707,30.731581,-391,-391,-391,-391
天平山名山一家商务酒店,120.504493,31.28011087,-390,-390,-390,-390
丽晶水庄大酒店,120.636124,31.32641,-389,-389,-389,-389
白玉兰大酒店,120.622704,31.30584,-388,-388,-388,-388
围城宾馆,121.395851,31.619047,-387,-387,-387,-387
葫芦岛蟹之家酒店,120.703369,31.435431,-386,-386,-386,-386
鑫湖国际酒店,120.744743,31.35704,-385,-385,-385,-385
浅水湾酒店,120.7937775,31.37990952,-384,-384,-384,-384
苏州世豪全套间酒店,120.5660477,31.29361916,-383,-383,-383,-383
加州时尚酒店,120.8624268,32.01261902,-382,-382,-382,-382
金湾国际大酒店,120.405449,31.878119,-381,-381,-381,-381
嘉盛丽廷国际酒店,120.615274,31.239842,-380,-380,-380,-380
太湖春天生态酒店,120.100731,30.895901,-379,-379,-379,-379
汉唐国际酒店,120.63858,31.140631,-378,-378,-378,-378
天目湖宾馆,120.7498927,31.49274391,-377,-377,-377,-377
汉亭舫大酒店,120.6441422,31.30497932,-376,-376,-376,-376
不夜城假日酒店,120.387558,30.952921,-375,-375,-375,-375
新港湾海鲜大酒店,121.1736897,31.36615655,-374,-374,-374,-374
滨江假日酒店,120.563957,31.964474,-373,-373,-373,-373
西雍古堡酒店,120.638702,31.293369,-372,-372,-372,-372
中信酒店,120.9951706,31.38460922,-371,-371,-371,-371
书香世家.平江府酒店,120.632896,31.319075,-370,-370,-370,-370
太仓花园酒店,121.100266,31.454588,-369,-369,-369,-369
雄狮山庄大酒店,120.7521973,31.25083923,-368,-368,-368,-368
枕水度假酒店,120.4774904,30.74731425,-367,-367,-367,-367
天南大酒店,120.834619,32.014831,-366,-366,-366,-366
长广溪酒店,120.279137,31.49317,-365,-365,-365,-365
运河花园酒店,120.574379,31.290558,-364,-364,-364,-364
南方大酒店,120.427071,30.877489,-363,-363,-363,-363
珠街阁大酒店,121.065399,31.10919,-362,-362,-362,-362
创意时尚酒店,120.403183,31.50849915,-361,-361,-361,-361
波司登大酒店,120.9051899,31.59391943,-360,-360,-360,-360
金庭艳阳度假酒店,120.3290482,31.14438057,-359,-359,-359,-359
百盛阿雷大酒店,120.5661163,31.30031967,-358,-358,-358,-358
金太仓宾馆,121.102631,31.445709,-357,-357,-357,-357
水云天酒店,120.473442,31.23097,-356,-356,-356,-356
昆体花园酒店,120.910388,31.381834,-355,-355,-355,-355
昆山瑞士酒店,120.968115,31.383383,-354,-354,-354,-354
莫厘大酒店,120.41285,31.08715,-353,-353,-353,-353
雕花楼宾馆,120.4016113,31.07611084,-352,-352,-352,-352
苏州环秀晓筑养生温泉度假酒店,120.556816,31.213585,-351,-351,-351,-351
君水湾大酒店,121.250732,31.39818,-350,-350,-350,-350
伊丽名豪大酒店,121.1128006,31.15969467,-349,-349,-349,-349
四季商旅酒店,120.6191628,31.30071821,-348,-348,-348,-348
港城生态休闲假日大酒店,121.173561,31.570259,-347,-347,-347,-347
丞相府大酒店,121.144687,31.45059241,-346,-346,-346,-346
礼顿酒店,120.666916,31.287825,-345,-345,-345,-345
崇明凯歌大酒店,121.397627,31.627992,-344,-344,-344,-344
吴地人家大酒店,120.596649,31.293146,-343,-343,-343,-343
南通金石国际大酒店,120.889908,31.973511,-342,-342,-342,-342
一醉酒店,120.953697,31.38888,-341,-341,-341,-341
江南花园酒店,120.419052,31.955238,-340,-340,-340,-340
新知音大酒店,120.661133,30.901594,-339,-339,-339,-339
联谊大酒店,121.139938,31.161951,-338,-338,-338,-338
华勋大酒店,121.242996,31.384233,-337,-337,-337,-337
金阁林酒店,121.090439,31.12925,-336,-336,-336,-336
美佳乐薇庭大酒店,120.63382,31.15316,-335,-335,-335,-335
阳澄半岛花园酒店,120.79174,31.40835,-334,-334,-334,-334
福港渔村大酒店,120.7642009,31.799725,-333,-333,-333,-333
百丽酒店,120.50304,30.90799,-332,-332,-332,-332
九子铃酒店,120.641151,31.358213,-331,-331,-331,-331
千都大酒店,120.38301,31.51629,-330,-330,-330,-330
鹿城西湖大酒店,120.928841,31.399151,-329,-329,-329,-329
昆山天鹤大酒店,120.940791,31.283816,-328,-328,-328,-328
一品大酒店,120.668364,31.88031359,-327,-327,-327,-327
南国风酒店,120.343254,31.476421,-326,-326,-326,-326
民达苑酒店,120.5559158,31.73306261,-325,-325,-325,-325
星星宾馆,120.643517,31.342583,-324,-324,-324,-324
镜湖大酒店,120.6716732,30.92309299,-323,-323,-323,-323
御花园大酒店,120.4745397,31.3758648,-322,-322,-322,-322
凯龙大酒店,121.323173,31.47145508,-321,-321,-321,-321
夏馨商务宾馆,120.6481429,31.30536865,-320,-320,-320,-320
大金叶酒店,120.696937,31.614265,-319,-319,-319,-319
世纪商务宾馆,121.094056,31.303502,-318,-318,-318,-318
泰安大酒店,120.7515807,31.64878879,-317,-317,-317,-317
嘉怡酒店,120.824715,31.337278,-316,-316,-316,-316
斌斌大酒店,120.9002558,31.59595839,-315,-315,-315,-315
安亭皇冠假日酒店,121.1919808,31.27273465,-314,-314,-314,-314
江海村大酒店,120.8745218,31.99015706,-313,-313,-313,-313
光华假日酒店,120.653091,31.534512,-312,-312,-312,-312
新东方酒店,120.544548,31.773761,-311,-311,-311,-311
联庭假日酒店,121.159058,31.2911,-310,-310,-310,-310
晋合洲际酒店,120.7109033,31.31870768,-309,-309,-309,-309
国东春宾馆,120.550644,31.776989,-308,-308,-308,-308
同心酒店,120.983444,31.362045,-307,-307,-307,-307
MBA公寓酒店,120.7405591,31.27748752,-306,-306,-306,-306
欧森大酒店,120.6647475,31.45197456,-305,-305,-305,-305
古龙舫大酒店,120.415352,31.091961,-304,-304,-304,-304
怡心园酒店,120.6569366,31.28860786,-303,-303,-303,-303
禄隆大酒店,120.8932799,31.67982368,-302,-302,-302,-302
俊涵大酒店,120.5473245,31.35931586,-301,-301,-301,-301
新奇乐大酒店,120.6483586,30.91107775,-300,-300,-300,-300
太仓铭日之星快捷酒店,121.1244597,31.45652056,-299,-299,-299,-299
绿色大酒店,121.204079,31.523693,-298,-298,-298,-298
大洋渔港酒店,120.854279,32.041443,-297,-297,-297,-297
苏州钟慧植园宾馆,120.740211,31.31624,-296,-296,-296,-296
苏州独墅湖书香世家会所酒店,120.677163,31.287855,-295,-295,-295,-295
锦羊山庄酒店,120.5841794,31.6356703,-294,-294,-294,-294
7天酒店,120.6019265,31.33111844,-293,-293,-293,-293
中青旅集团苏州静思园酒店,120.6890498,31.15884223,-292,-292,-292,-292
港丽大酒店,120.3043972,31.91857449,-291,-291,-291,-291
中苑大酒店,121.099152,31.457174,-290,-290,-290,-290
顾山宾馆,120.562569,31.738001,-289,-289,-289,-289
夏园宾馆,120.6555485,31.30567491,-288,-288,-288,-288
海上天商务宾馆,120.9306087,31.72386312,-287,-287,-287,-287
天地大酒店,120.278038,31.460639,-286,-286,-286,-286
金凤凰酒店,120.452538,31.912386,-285,-285,-285,-285
和平大酒店,120.7509207,31.2516824,-284,-284,-284,-284
锦华商务酒店,121.080312,31.56553114,-283,-283,-283,-283
莘塔宾馆,120.8506519,31.04819119,-282,-282,-282,-282
名豪世家大酒店,120.6149265,31.24532823,-281,-281,-281,-281
渔歌大酒店,120.8739779,31.97589193,-280,-280,-280,-280
阳光苑大酒店,120.580132,31.291607,-279,-279,-279,-279
华鑫源大酒店,120.352661,31.919128,-278,-278,-278,-278
锦绣前程大酒店,120.632378,31.170967,-277,-277,-277,-277
凯盛酒店,120.923401,31.373043,-276,-276,-276,-276
鲤鱼门假日酒店,120.743332,31.670345,-275,-275,-275,-275
江浙汇大酒店,120.898987,31.973749,-274,-274,-274,-274
喜临顿宾馆,120.7474306,31.62764486,-273,-273,-273,-273
宝丽精品酒店,120.544609,31.255695,-272,-272,-272,-272
太华大酒店,121.0772,31.56355,-271,-271,-271,-271
汇元大酒店,120.7547892,31.68832411,-270,-270,-270,-270
蜂巢主题宾馆,120.645317,31.297596,-269,-269,-269,-269
城市之光酒店,120.628067,31.266716,-268,-268,-268,-268
天景酒店,120.723928,31.60210368,-267,-267,-267,-267
栋城山水大酒店,120.2579273,31.46906711,-266,-266,-266,-266
苏州吴江海悦花园大酒店,120.663544,31.169586,-265,-265,-265,-265
仙乐居大酒店,120.8502192,31.05515164,-264,-264,-264,-264
裕华大酒店,121.06868,31.560749,-263,-263,-263,-263
建华宾馆,120.7043248,31.61982666,-262,-262,-262,-262
同里湖畔人家大酒店,120.72641,31.154839,-261,-261,-261,-261
汾湖湾大酒店,120.815348,31.01500217,-260,-260,-260,-260
海龙王酒店,120.965775,31.4105,-259,-259,-259,-259
知音酒店,120.650467,30.909418,-258,-258,-258,-258
梦怡园宾馆,120.6376381,30.9742985,-257,-257,-257,-257
一鼎轩酒店,120.7805054,31.60981906,-256,-256,-256,-256
新惠民大酒店,120.8110498,30.96229628,-255,-255,-255,-255
苏州吴江海悦园大酒店,120.663544,31.169586,-254,-254,-254,-254
汾玉宾馆,120.7881293,30.9633846,-253,-253,-253,-253
博金大酒店,120.714621,30.87042046,-252,-252,-252,-252
喜福会酒店,119.919563,30.99597,-251,-251,-251,-251
江海大酒店,120.7408578,32.10012071,-250,-250,-250,-250
昆山优秀商务酒店,120.952782,31.400646,-249,-249,-249,-249
森皇大酒店,119.89962,31.008844,-248,-248,-248,-248
温德姆至尊豪廷大酒店,119.9183946,31.01478027,-247,-247,-247,-247
景程假日酒店,120.414734,30.872559,-246,-246,-246,-246
明清食代酒店,120.896004,30.944336,-245,-245,-245,-245
长岛假日宾馆,120.1024729,30.88059028,-244,-244,-244,-244
怡聚德酒店,119.9158352,31.00482802,-243,-243,-243,-243
亿盛风尚酒店,119.917595,31.008932,-242,-242,-242,-242
龙庭假日酒店,120.412262,30.872885,-241,-241,-241,-241
南鑫假日酒店,119.918823,31.015886,-240,-240,-240,-240
新澜源大酒店,121.152885,31.304489,-239,-239,-239,-239
川之韵酒店,120.6300201,31.27194023,-238,-238,-238,-238
华沙渔港酒店,120.6403,30.92428,-237,-237,-237,-237
昆山神州大酒店,120.95053,31.4211,-236,-236,-236,-236
鸿金龙大酒店,121.3914241,31.6195184,-235,-235,-235,-235
缘江圆酒店,121.3978552,31.449921,-234,-234,-234,-234
清风明月大酒店,120.86967,31.27244,-233,-233,-233,-233
荷香阁大酒店,120.582977,31.3785,-232,-232,-232,-232
长虹渔村大酒店,120.7947147,31.5383039,-231,-231,-231,-231
银杏楼酒店,120.718964,31.158344,-230,-230,-230,-230
皇家庄园大酒店,120.561989,31.851601,-229,-229,-229,-229
靓盛大酒店,121.26165,31.504101,-228,-228,-228,-228
嘉乐美食大酒店,120.91172,31.3906,-227,-227,-227,-227
新锡爵大酒店,121.1312211,31.44437786,-226,-226,-226,-226
聚丰楼酒店,120.768822,31.662603,-225,-225,-225,-225
瑞丰华庭商务酒店,120.6280899,31.32723999,-224,-224,-224,-224
萃华园大酒店,120.637352,31.31962,-223,-223,-223,-223
长兴红玫瑰大酒店,119.914238,30.992783,-222,-222,-222,-222
华西塔群宾馆,120.4287207,31.83133166,-221,-221,-221,-221
美味佳大酒店,120.6602944,31.16067538,-220,-220,-220,-220
好运来大酒店,120.1006003,30.86905853,-219,-219,-219,-219
南华新天地酒店,120.6517563,31.30513954,-218,-218,-218,-218
索非特大酒店,120.625565,31.30761,-217,-217,-217,-217
云都大酒店,120.4872172,31.74603292,-216,-216,-216,-216
金悦王朝大酒店,120.7063091,30.87909945,-215,-215,-215,-215
南苑宾馆,120.269287,31.436901,-214,-214,-214,-214
金水明月大酒店,120.6157913,31.25381088,-213,-213,-213,-213
汇丰国际花园大酒店,120.514771,30.911552,-212,-212,-212,-212
浙江皇冠假日大酒店,119.988099,30.986085,-211,-211,-211,-211
乌镇四合院宾馆,120.493797,30.74081,-210,-210,-210,-210
昆山石浦醉仙楼大酒店,121.0482141,31.254313,-209,-209,-209,-209
紫晶商务酒店,121.410156,31.620808,-208,-208,-208,-208
芸海阁酒店,120.7864298,31.55686316,-207,-207,-207,-207
石浦大酒店,121.0448066,31.2542314,-206,-206,-206,-206
金一品木渎酒店,120.50814,31.25963,-205,-205,-205,-205
汉鑫玄妙商务酒店,120.626991,31.311386,-204,-204,-204,-204
维也纳精品连锁酒店,121.11158,31.44487,-203,-203,-203,-203
长城大酒店,120.88492,31.27946,-202,-202,-202,-202
苏州星程皇朝大酒店,120.622215,31.312449,-201,-201,-201,-201
金陵人家大酒店,120.631779,31.292435,-200,-200,-200,-200
翰尔酒店,120.634415,31.312553,-199,-199,-199,-199
西京酒店,120.343094,31.333141,-198,-198,-198,-198
空港大酒店,120.4484749,31.4810167,-197,-197,-197,-197
灵山元一希尔顿逸林酒店,120.7701437,31.36498834,-196,-196,-196,-196
太湖明珠国际大酒店,120.220772,31.425154,-195,-195,-195,-195
湖州白鹭迎宾馆,120.0939052,30.89331235,-194,-194,-194,-194
江阴宜必思酒店,120.308562,31.930512,-193,-193,-193,-193
嘉乐农庄酒店,121.0418564,31.39513645,-192,-192,-192,-192
新亚汤臣酒店,120.7663122,31.66373306,-191,-191,-191,-191
品海大酒店,121.247658,31.39415,-190,-190,-190,-190
南京水游城假日酒店,120.771362,31.370087,-189,-189,-189,-189
东方百悦大酒店,120.9339962,31.72694489,-188,-188,-188,-188
南洋大酒店,120.6157532,31.26579094,-187,-187,-187,-187
鼎鑫楼酒店,120.55172,31.01802,-186,-186,-186,-186
国屈开元大酒店,120.65873,31.31381,-185,-185,-185,-185
上海颖奕皇冠假日酒店,121.186035,31.257767,-184,-184,-184,-184
江阴黄嘉喜来登酒店,120.82839,31.373781,-183,-183,-183,-183
海上明月酒店,120.532928,31.863911,-182,-182,-182,-182
木渎楼外楼大酒店,120.51189,31.26271,-181,-181,-181,-181
美雅酒店,120.480919,31.60808,-180,-180,-180,-180
港日大酒店,120.30394,31.91847,-179,-179,-179,-179
西山缥缈农家酒店,120.408109,31.33424,-178,-178,-178,-178
鸿泰大酒店,120.675129,31.250759,-177,-177,-177,-177
江阴景龙酒店,120.344933,31.8566,-176,-176,-176,-176
欢天喜地大酒店,120.517433,31.260099,-175,-175,-175,-175
天平山农家乐酒店,120.515844,31.251697,-174,-174,-174,-174
金海港大酒店,120.61399,31.26302,-173,-173,-173,-173
苏海华大酒店,120.60313,31.37604,-172,-172,-172,-172
雅客商务酒店,120.58672,31.32167,-171,-171,-171,-171
宇龙大酒店,120.69696,31.53297,-170,-170,-170,-170
蒋宅酒店,120.95041,31.38679,-169,-169,-169,-169
喜来登大酒店,121.102013,31.453485,-168,-168,-168,-168
众忻阁酒店,121.134872,31.45686,-167,-167,-167,-167
尚宫大酒店,120.944525,31.28511,-166,-166,-166,-166
上海华君168宾馆,121.399333,31.626518,-165,-165,-165,-165
上海居逸宾馆,121.1198527,31.15322705,-164,-164,-164,-164
上海新江南大酒店,121.0675979,31.11069294,-163,-163,-163,-163
沃得商务酒店,120.637148,31.144623,-162,-162,-162,-162
静思园豪生大酒店,120.687782,31.16099,-161,-161,-161,-161
苏州东山宾馆,120.63197,31.26279,-160,-160,-160,-160
书香连锁酒店,120.598457,31.297791,-159,-159,-159,-159
苏州独墅湖会议酒店,120.721489,31.26634,-158,-158,-158,-158
江阴国际大酒店,120.298225,31.898703,-157,-157,-157,-157
苏州金鸡湖名致精品酒店,120.71566,31.333025,-156,-156,-156,-156
西塘聚鑫阁宾馆,120.8957112,30.94360054,-155,-155,-155,-155
西塘古镇・卓园宾馆,120.898575,30.945244,-154,-154,-154,-154
西塘新街宾馆,120.8955,30.944208,-153,-153,-153,-153
西塘荷塘月色商务酒店,120.9001529,30.94484278,-152,-152,-152,-152
乌镇万顺楼酒店,120.4872,30.75122,-151,-151,-151,-151
乌镇水岸人家宾馆,120.4951286,30.73407114,-150,-150,-150,-150
乌镇舒雅酒店,120.4866636,30.75275762,-149,-149,-149,-149
西塘贵和园宾馆,120.8919883,30.9439272,-148,-148,-148,-148
昆山太阳之光商务酒店,120.9687585,31.41032882,-147,-147,-147,-147
昆山悦心宾馆,120.9948242,31.35488756,-146,-146,-146,-146
西塘黎园宾馆,120.8883083,30.9406605,-145,-145,-145,-145
昆山樱桃时尚酒店,120.9546983,31.37716692,-144,-144,-144,-144
昆山全冠酒店,120.975244,31.36496065,-143,-143,-143,-143
昆山锦溪湖大酒店,120.9149078,31.17055572,-142,-142,-142,-142
南通文苑商务宾馆,120.8929753,32.00567412,-141,-141,-141,-141
南通飞越百度酒店,120.839912,32.009323,-140,-140,-140,-140
南通千帆酒店,120.9067941,31.97564578,-139,-139,-139,-139
张家港保税区美极环球酒店,120.4450142,31.95714162,-138,-138,-138,-138
张家港友和城市酒店,120.515755,31.863745,-137,-137,-137,-137
常熟果廷商务酒店,120.7576901,31.64005113,-136,-136,-136,-136
常熟四季美家宾馆,120.7393706,31.65324441,-135,-135,-135,-135
太仓嘉礼酒店,121.1963278,31.62217396,-134,-134,-134,-134
太仓新东园宾馆,121.1158615,31.45063666,-133,-133,-133,-133
昆山玉荣国际大酒店,121.0170275,31.25725703,-132,-132,-132,-132
吴江同里三元大酒店,120.718941,31.154169,-131,-131,-131,-131
太仓优嘉酒店,121.1185169,31.44689772,-130,-130,-130,-130
同里江南宾馆,120.7216358,31.14884273,-129,-129,-129,-129
周庄富贵香草园大酒店,120.8565241,31.11207079,-128,-128,-128,-128
周庄香水百合酒店,120.8461547,31.12204581,-127,-127,-127,-127
昆山中环商务酒店,121.1481875,31.28939768,-126,-126,-126,-126
南通利澳公寓酒店,120.892052,31.9674,-125,-125,-125,-125
吴江金百合快捷酒店,120.6674498,31.17037213,-124,-124,-124,-124
常熟唯景快捷酒店,120.7406956,31.64317951,-123,-123,-123,-123
昆山魅力金座商务酒店,120.963005,31.358639,-122,-122,-122,-122
苏州和丰商旅酒店,120.7190448,31.32184815,-121,-121,-121,-121
苏州城市运通花园酒店,120.5810827,31.32285174,-120,-120,-120,-120
苏州景旺8285酒店,120.591278,31.297422,-119,-119,-119,-119
苏州银泉山庄大酒店,120.466606,31.273645,-118,-118,-118,-118
苏州瑞丽时尚酒店,120.6400269,31.29894606,-117,-117,-117,-117
南通濠园大酒店,120.860199,32.010803,-116,-116,-116,-116
苏州园区新屹速8酒店,120.653156,31.340244,-115,-115,-115,-115
苏州优嘉中翔广场公寓酒店,120.63752,31.378381,-114,-114,-114,-114
苏州星天宇快捷宾馆,120.623396,31.307329,-113,-113,-113,-113
苏州园区九九商务宾馆,120.7207936,31.31812242,-112,-112,-112,-112
苏州小城故事精品酒店,120.613907,31.309851,-111,-111,-111,-111
苏州李公堤瑞贝庭公寓酒店,120.6884,31.296314,-110,-110,-110,-110
苏州好格快捷酒店,120.627206,31.31302621,-109,-109,-109,-109
苏州人和宾馆,120.5424452,31.2975035,-108,-108,-108,-108
苏州东港商务宾馆,120.7822001,31.35811941,-107,-107,-107,-107
苏州都市花园酒店,120.6274796,31.39093772,-106,-106,-106,-106
周庄蓝晶假日酒店,120.8466214,31.12551753,-105,-105,-105,-105
苏州世纪之星商务宾馆,120.588633,31.379615,-104,-104,-104,-104
苏州印尚精品酒店,120.6027067,31.30815432,-103,-103,-103,-103
苏州水墨江南宾馆,120.874001,31.268133,-102,-102,-102,-102
苏州苏馨之家宾馆,120.620712,31.32127,-101,-101,-101,-101
苏州敬斋酒店,120.733894,31.275749,-100,-100,-100,-100
苏州舒怡酒店,120.6130332,31.32641691,-99,-99,-99,-99
苏州神马宾馆,120.576447,31.252337,-98,-98,-98,-98
苏州凯伦世纪酒店,120.5098486,31.25965993,-97,-97,-97,-97
雍景山庄酒店,120.56036,31.20383626,-96,-96,-96,-96
苏州艾特维尔假日酒店,120.741058,31.310661,-95,-95,-95,-95
苏州平江华府精品酒店,120.6331497,31.3158035,-94,-94,-94,-94
吴江威尔88快捷酒店,120.645119,31.161421,-93,-93,-93,-93
苏州美厨宾馆,120.6350005,31.30790682,-92,-92,-92,-92
苏州翠竹苑树山农家度假酒店,120.463005,31.361992,-91,-91,-91,-91
上海紫京大酒店,121.409866,31.621073,-90,-90,-90,-90
上海银苑酒店,120.905182,31.087114,-89,-89,-89,-89
富丽天大酒店,120.942295,31.380716,-88,-88,-88,-88
苏州观前街金色皇朝大酒店,120.6225282,31.31262749,-87,-87,-87,-87
苏州汇金莲花大酒店,120.583649,31.413099,-86,-86,-86,-86
上海新业大酒店,121.173774,31.365367,-85,-85,-85,-85
君来世尊酒店,120.315918,31.478382,-84,-84,-84,-84
苏州滨河皇冠商务酒店,120.563421,31.310073,-83,-83,-83,-83
乌镇君悦假日酒店,120.4929614,30.73737255,-82,-82,-82,-82
昆山格蕾斯酒店,120.971481,31.391497,-81,-81,-81,-81
无锡书香世家会所酒店,120.273705,31.472572,-80,-80,-80,-80
南通威斯汀风尚酒店,120.861893,32.014465,-79,-79,-79,-79
太仓景隆商务宾馆,121.126518,31.451524,-78,-78,-78,-78
苏州富驿时尚酒店,120.622841,31.305967,-77,-77,-77,-77
苏州桐星国际酒店,120.5928898,31.31043676,-76,-76,-76,-76
如皋衡山金盛大酒店,120.6015158,32.03274578,-75,-75,-75,-75
常熟博京国际酒店,120.7437533,31.62006355,-74,-74,-74,-74
吴江市同里阳光驿站酒店,120.722252,31.155275,-73,-73,-73,-73
苏州金苏商务酒店,120.6241214,31.39022335,-72,-72,-72,-72
乌镇天悦宾馆,120.4928917,30.73815177,-71,-71,-71,-71
西塘天河水乡宾馆,120.8998847,30.94434588,-70,-70,-70,-70
南浔富士大酒店,120.417053,30.87406,-69,-69,-69,-69
南通万濠大酒店,120.884969,31.969086,-68,-68,-68,-68
乌镇枕水度假酒店,120.4884768,30.74831801,-67,-67,-67,-67
太仓宝龙福朋喜来登酒店,121.1443627,31.46295076,-66,-66,-66,-66
乌镇双塔商务宾馆,120.499924,30.738636,-65,-65,-65,-65
南通北辰大酒店,120.814569,32.028098,-64,-64,-64,-64
南通嘉恒假日酒店,120.893716,31.960523,-63,-63,-63,-63
南通金瑞大酒店,120.87913,31.9866,-62,-62,-62,-62
苏州名城万丽商务酒店,120.554833,31.288295,-61,-61,-61,-61
苏州金马会时尚酒店,120.6272812,31.27392006,-60,-60,-60,-60
苏州涵升假日酒店,120.543549,31.278221,-59,-59,-59,-59
苏州阳澄之星商务宾馆,120.7792309,31.3567062,-58,-58,-58,-58
上海朱家角景苑水庄酒店,121.053589,31.115126,-57,-57,-57,-57
苏州东昌贵宾酒店,120.636771,31.25038,-56,-56,-56,-56
江阴凯润国际酒店,120.306618,31.920549,-55,-55,-55,-55
苏州大都会酒店,120.624237,31.310953,-54,-54,-54,-54
苏州宜必思酒店,120.730019,31.324509,-53,-53,-53,-53
上海夏阳湖皇冠假日酒店,121.1339,31.15049,-52,-52,-52,-52
昆山金昆宾馆,120.959948,31.388313,-51,-51,-51,-51
湖州梦圆大酒店,120.261757,30.836363,-50,-50,-50,-50
南通江海映象酒店,120.878807,32.020985,-49,-49,-49,-49
苏州伊林德大酒店,120.5990696,31.27782189,-48,-48,-48,-48
苏州诺莱仕汇豪国际酒店,120.567596,31.294527,-47,-47,-47,-47
苏州高新区中豪商务酒店,120.558767,31.306889,-46,-46,-46,-46
戴斯酒店,120.693307,31.347497,-45,-45,-45,-45
苏州威廉豪生酒店,120.59005,31.218889,-44,-44,-44,-44
托尼洛・兰博基尼书苑酒店,120.677643,31.322512,-43,-43,-43,-43
西塘独家记忆主题酒店,120.887535,30.946045,-42,-42,-42,-42
都汇时尚精品餐饮酒店,120.949852,31.408661,-41,-41,-41,-41
翡翠湾大酒店,120.64151,30.78454,-40,-40,-40,-40
华森大酒店,120.86212,31.70114,-39,-39,-39,-39
南通戴斯酒店,120.854256,32.037266,-38,-38,-38,-38
西塘怡庭酒店,120.899383,30.945491,-37,-37,-37,-37
f直莫泰168酒店,120.986639,31.419861,-36,-36,-36,-36
常熟虞城大酒店,120.753761,31.647127,-35,-35,-35,-35
台儿庄大酒店,120.628813,31.295267,-34,-34,-34,-34
浦东香格里拉大酒店,121.299988,31.4990355,-33,-33,-33,-33
尚湖荷香苑酒店,120.682762,31.648357,-32,-32,-32,-32
新业大酒店,121.169661,31.367524,-31,-31,-31,-31
福群大酒店,120.504288,31.367523,-30,-30,-30,-30
太仓假日酒店,121.102333,31.447687,-29,-29,-29,-29
宝龙福朋喜来登酒店,121.110931,31.440174,-28,-28,-28,-28
恒天酒店,120.274399,31.999701,-27,-27,-27,-27
四季阳光酒店,120.7286356,31.3177414,-26,-26,-26,-26
大盈宾馆,121.093624,31.218199,-25,-25,-25,-25
帕尔曼酒店,120.506256,31.452896,-24,-24,-24,-24
苏州茉莉花假日酒店,120.606415,31.303715,-23,-23,-23,-23
中联粤海酒店,120.545544,31.853427,-22,-22,-22,-22
东沙湖邻里假日酒店,120.6611727,31.4563932,-21,-21,-21,-21
金海湾宾馆,120.284271,31.915876,-20,-20,-20,-20
姚港路2号大酒店,120.853508,32.010021,-19,-19,-19,-19
汉庭酒店,121.102051,31.292531,-18,-18,-18,-18
宜家快捷酒店,120.5816667,31.21618056,-17,-17,-17,-17
月亮大酒店,120.051117,30.890945,-16,-16,-16,-16
新世汇精品酒店,120.538109,31.863333,-15,-15,-15,-15
苏州静思园豪生大酒店,120.687874,31.161161,-14,-14,-14,-14
西塘烟雨江南酒店,120.8866752,30.9466055,-13,-13,-13,-13
金城阁大酒店,121.083733,31.300369,-12,-12,-12,-12
双塔宾馆,120.490982,30.74061,-11,-11,-11,-11
南通鹏欣国宾花园酒店,120.88168,31.945453,-10,-10,-10,-10
汉庭快捷酒店,120.592576,31.223303,-9,-9,-9,-9
南通市崇川区孩儿巷南路7天连锁酒店,120.4277341,31.83538566,-8,-8,-8,-8
太仓宝龙福朋酒店,121.242363,31.516191,-7,-7,-7,-7
苏州市吴中区白金汉爵酒店,120.64447,31.243525,-6,-6,-6,-6
山皇冠H展酒店,120.980011,31.35964,-5,-5,-5,-5
苏州开元曼居酒店,120.823456,31.336378,-4,-4,-4,-4
昆山星冠国际会展酒店,120.905228,31.384735,-3,-3,-3,-3
双山高尔夫酒店,120.458781,32.004965,-2,-2,-2,-2
无锡君来世尊大酒店,120.376305,31.485266,-1,-1,-1,-1
邻里商务酒店,120.751671,31.33552,0,0,0,0
昆山新港湾柏尔曼酒店,120.951744,31.401646,1,1,1,1
