name,lon,lat
太湖一号饭店,119.880279,31.240983
六安客车饭店,119.88809,31.22914
国兴饭店,119.90614,31.01265
鼎甲桥饭店,119.911469,31.120411
小天天饭店,119.911507,30.994841
荣海饭店,119.913681,31.008221
大浦饭店,119.9180968,31.31488
记琴饭店,119.94293,31.09803
杨标荒饭店,120.0914,30.88175
俞家漾饭店,120.11553,30.86394
潘业饭店,120.123192,30.85808
塘甸阿三饭店,120.144867,30.921761
常溪饭店,120.168457,30.883369
稻香楼饭店,120.19236,30.84194
湖边饭店,120.20932,31.446198
桔园饭店,120.21524,31.44838
农家湖鲜饭店,120.23975,31.48375
望江老四饭店,120.250412,30.84889
宝月楼饭店,120.251022,30.9186
御楼饭店,120.257111,30.854771
歙州饭店,120.25779,30.84683
古涵饭店,120.265099,31.12085
金悦国际饭店,120.267899,31.98465
川城饭店,120.2715058,31.4743183
锦湖饭店,120.27454,31.07057
虹丰饭店,120.279472,32.013611
葛埭饭店,120.280998,31.455601
湖滨阁饭店,120.28562,31.06509
蔡记饭店,120.28572,31.06473
宏发饭店,120.286453,32.013
渔家饭店,120.28659,31.06477
苏州三山岛飘香园饭店,120.293373,31.033569
惠仁饭店,120.29541,31.06599
宝钢饭店,120.29585,32.05264
新一城北疆饭店,120.296181,31.924297
北疆饭店,120.298096,31.922409
老闻饭店,120.30253,32.05765
西山日月农家饭店,120.302963,31.108173
南涂饭店,120.30764,31.13189
南徐饭店,120.30766,31.13196
石公山饭店,120.310333,31.131081
金海饭店,120.311852,31.88636
国民饭店,120.31748,31.45557
无锡凯莱大饭店,120.326706,31.504078
无锡市友谊大饭店,120.338394,31.472397
郁香饭店,120.346863,31.329318
扬扬饭店,120.35041,31.4827
桃源饭店,120.35292,31.48238
东山饭店,120.35968,31.07468
农家乐雪海饭店,120.372757,31.28756
金家饭店,120.388542,31.293594
银湖饭店,120.389061,31.220039
太湖饭店,120.39005,30.94927
邓尉面饭店,120.394989,31.284531
永发饭店,120.396187,31.955099
华强饭店,120.40391,31.87941
洞庭饭店,120.404617,31.082809
金湾海悦饭店,120.40615,31.86259
采香饭店,120.407021,31.927071
周庄饭店,120.409606,31.853828
湖滨饭店,120.411438,31.37537
万家灯火饭店,120.412888,31.087971
胖胖饭店,120.413521,30.87331
天天香饭店,120.415749,30.87373
顺兴楼饭店,120.426331,30.87216
南浔沈家人饭店,120.431633,30.872269
红米饭店,120.434372,31.515949
临河饭店,120.434814,30.879899
藏书老街饭店,120.44428,31.27382
八都饭店,120.45037,30.91022
月敏农家饭店,120.462417,31.362777
翠竹园农家饭店,120.46288,31.36667
晓春农家饭店,120.48019,31.2476
金太湖农家饭店,120.482031,31.210345
度假村饭店,120.486839,31.54768
阳山饭店,120.4887,31.37127
汇丰饭店,120.48947,31.74624
天亮饭店,120.49276,30.85104
祥祥饭店,120.494789,30.742042
三友饭店,120.4961,31.48241
宜斌饭店,120.498917,31.282333
万佳饭店,120.50251,31.162963
石家饭店,120.502998,31.2549
三山岛水云天饭店,120.504,31.2624
浒墅关饭店,120.505119,31.379101
宜斌农家土菜饭店,120.50923,31.25604
羡园饭店,120.50952,31.25562
久乐饭店,120.51128,31.88767
闸西饭店,120.5117304,31.99793457
中华园大饭店,120.515472,31.271976
留恋饭店,120.5178375,31.24935913
陆家湾农家乐饭店,120.518712,31.304063
和平饭店,120.5195,31.25489
味府饭店,120.522385,31.261328
陆氏农家饭店,120.5241,31.2094
味佳饭店,120.524757,31.207609
西苑饭店,120.5254669,31.8546505
城外饭店,120.52558,31.87814
农家乐饭店,120.527,31.1942
苏北饭店,120.53036,31.2556
快乐饭店,120.545273,31.30628
小陈饭店,120.5476478,31.28809435
巴蜀饭店,120.547935,31.288208
狮山饭店,120.5491303,31.28855659
天鹅湖饭店,120.549698,31.52602
苏州旺山旺福楼饭店,120.551399,31.212193
胖子饭店,120.5551904,31.77063775
小四川帝国饭店,120.55589,31.303748
明星饭店,120.557991,31.76808
成香饭店,120.55901,31.83269
天富饭店,120.56123,31.30051
永生饭店,120.56365,31.39968
城市饭店,120.563919,31.304939
金龙饭店,120.564102,31.345659
旅游饭店,120.565805,31.296372
水洲饭店,120.56601,31.297701
江南春饭店,120.56661,31.89094
东苑饭店,120.56941,31.85984
塔影饭店,120.57018,31.3104
迎客饭店,120.5702,31.26229
小苏州饭店,120.5719564,31.3233948
三元春饭店,120.5758287,31.30477648
好客来饭店,120.57727,30.81955
皖西饭店,120.57783,31.32497
上岗饭店,120.57859,31.33301
姑苏饭店,120.578796,31.330391
留春饭店,120.58105,31.31366
胜明饭店,120.581169,30.820009
天天饭店,120.58262,31.33149
君悦饭店,120.58318,31.27039
西北饭店,120.583389,31.316231
苏州香雪海饭店,120.58532,31.298885
新堰月饭店,120.58627,30.97726
聚香园饭店,120.58701,31.3219
凝翠园饭店,120.587959,31.31843
虎丘饭店,120.58814,31.32813
山外香饭店,120.5881805,31.31887054
韩伟饭店,120.58872,31.3216
苏州古吴饭店,120.5888209,31.3230491
园外楼饭店,120.5894278,31.3158645
四季如春饭店,120.59011,31.29915
古吴饭店,120.59098,31.3047
方圆饭店,120.591728,31.06262
苏州旅游饭店,120.592201,31.31517
金星饭店,120.593,31.35251
同里湖大饭店,120.593291,31.302427
北桥鹅真荡农家生态饭店,120.594093,31.504351
乌拉如意坊饭店,120.594955,31.296429
苏州华侨饭店,120.597815,31.301872
华侨饭店,120.598846,31.298532
美林阁饭店,120.59922,31.29316
聚友饭店,120.59951,31.2962
小田园饭店,120.600273,31.296289
锦盛源饭店,120.60139,31.33028
娘子饭店,120.60246,31.31068
凤舞家乐福饭店,120.60507,30.79607
凯发饭店,120.608162,31.300421
飞飞饭店,120.609154,31.332041
阁云楼饭店,120.60922,31.30919
秀水楼饭店,120.60944,30.79683
伟伟饭店,120.611092,31.31028
滨江嘉华饭店,120.611267,31.985359
协和饭店,120.612091,31.28978
宁波人海饭店,120.61383,31.41158
疙瘩饭店,120.61554,31.27106
福仙楼饭店,120.61673,31.2789
苏州王天井饭店,120.61704,31.31523
金格利饭店,120.61753,31.26802
同心饭店,120.6177,31.26709
四川饭店,120.61818,31.32078
苏州植园饭店,120.6183725,31.2951432
东林饭店,120.62129,31.31289
拥宾饭店,120.62158,30.79633
蠡口小饭店,120.6219377,31.39260254
明东朝族饭店,120.622437,31.29097
乐乡饭店,120.623,31.30945
东锦饭店,120.62365,31.304041
南林饭店,120.6239261,31.301875
金都饭店,120.62409,31.27131
苏苑饭店,120.6242179,31.2705381
老大坊齐门饭店,120.624962,31.334049
珍珠饭店,120.6257629,31.30991936
天韵饭店,120.62625,31.31013
美味佳饭店,120.62725,31.16363
苏州苏苑饭店,120.62761,31.273576
华龙饭店,120.627777,31.27578
养蚕里面饭店,120.62883,31.291731
阿成家常饭店,120.6297041,31.3034354
螺丝饭店,120.62971,31.2478
财苑饭店,120.62976,31.27436
赵记饭店,120.629868,31.31856
老夏野生饭店,120.630287,31.271669
桂香饭店,120.6306,31.42492
南环饭店,120.631447,31.28059
浙江安吉饭店,120.63172,31.48018
山城饭店,120.63201,31.25685
湖鲜饭店,120.632179,31.25452
昌盛饭店,120.632401,31.25452
毛家饭店,120.632446,31.400738
南园饭店,120.6325378,31.29523087
苏州饭店,120.6334726,31.30148408
竹辉饭店,120.63369,31.2957487
宝辰饭店,120.634,31.29888
苏吴饭店,120.634048,31.27207
好友多饭店,120.63428,31.32694
戗港饭店,120.634819,31.144676
口福饭店,120.63502,31.32406
山湖饭店,120.635536,31.163265
陈师傅炒饭店,120.63632,31.30259
红开饭店,120.63759,31.28503
庙港饭店,120.6383668,31.14907779
东吴饭店,120.63896,31.29999
国香饭店,120.639671,31.158381
苏州旅居姑苏饭店,120.639877,31.29707
吴江松陵饭店,120.640563,31.162536
永新饭店,120.643143,31.969114
老安利饭店,120.64418,31.30142
摘星楼饭店,120.6445,31.33318
六安饭店,120.64846,31.17254
隆琪大饭店,120.648827,31.46648
南京江宁湖滨金陵饭店,120.648888,31.304386
聚丰饭店,120.649101,30.89817
里河面饭店,120.649567,31.29248
青岛饭店,120.6529,30.90537
新盛泽人饭店,120.65844,30.87738
淮安文楼饭店,120.659775,31.282782
凤凰乡村饭店,120.65995,31.7378
珠宝大饭店,120.662752,31.469054
新兴饭店,120.662773,31.452208
华胜饭店,120.66526,31.37933
金麟饭店,120.669968,31.743454
水乡饭店,120.67099,31.08925
聚兴楼饭店,120.67297,31.24882
知音饭店,120.67575,31.07388
东门饭店,120.67816,31.32469
宝晨饭店,120.678459,31.31105
秀水坊饭店,120.689178,31.638229
百果园老何饭店,120.6946106,31.66588974
宝岩生态园小凤饭店,120.69563,31.66461
镇黎饭店,120.704987,30.991461
老北门饭店,120.7056808,31.32092094
土鸡饭店,120.7113,30.88275
三妹饭店,120.71362,31.69143
国浩饭店,120.71368,30.86408
螺蛳饭店,120.718681,31.262409
常熟国际饭店,120.722679,31.671836
益民饭店,120.73046,31.61663
南北饭店,120.73158,31.61795
阿平饭店,120.735832,31.623631
小四川饭店,120.73621,31.61411
娇娇饭店,120.7368,31.61457
贵宾缘饭店,120.73742,31.62825
九龙饭店,120.74053,31.62357
虞山锦江饭店,120.740638,31.649606
奇隆饭店,120.74117,31.65727
常熟旺达饭店,120.741286,31.64077674
新淞江饭店,120.741806,31.300315
旺达饭店,120.74181,31.64501
栖凤饭店,120.74217,32.1011
荷庄饭店,120.74263,31.283535
北方饭店,120.74337,31.617041
和顺饭店,120.743988,31.669741
毛桥饭店,120.7458,31.69557
龙桥饭店,120.746231,31.67646
东方饭店,120.748901,31.623735
三叶饭店,120.74999,31.64526
同兴面饭店,120.75206,31.639271
泰新饭店,120.75337,31.65082
春来饭店,120.75431,31.72598
新月饭店,120.75463,31.65745
宏伟饭店,120.75484,30.82461
老百姓饭店,120.75492,31.66588
常熟市世贸国际饭店,120.7552795,31.67431068
同和坊饭店,120.75533,31.6809
今天饭店,120.755379,31.660709
邓家顺饭店,120.75542,31.67973
开红饭店,120.75563,31.66069
南通市水产饭店,120.75608,32.03509
百姓饭店,120.7573,31.64772
鹏程饭店,120.7618753,31.66503418
世贸国际饭店,120.7620521,31.67626871
飞龙饭店,120.76342,31.64436
老张饭店,120.76753,32.04488
哇哇叫饭店,120.77,31.66378
肖甸湖森林公园十八灶饭店,120.771398,31.175316
芦荡人家饭店,120.772247,31.561459
湖畔渔村饭店,120.772354,31.447886
春宝饭店,120.77285,31.910521
荷花饭店,120.77655,31.64757
醉云亭饭店,120.777252,31.644291
三鑫饭店,120.77902,31.61974
鲈香饭店,120.78059,31.05446
金日隆饭店,120.782379,31.09992
汾湖堤农庄饭店,120.782898,30.994471
芦苇饭店,120.79792,31.55048
三排楼饭店,120.820739,32.053924
宁通饭店,120.82301,32.03678
天福饭店,120.8274,32.02593
福客菜饭店,120.828529,31.30183
味美思饭店,120.83152,31.26382
樱花饭店,120.84348,32.04198
周庄镇华子饭店,120.84529,31.11622
海龙饭店,120.847,31.1235
昆仑饭店,120.8473358,32.00584793
双桥饭店,120.848,31.116301
虹桥饭店,120.8482048,32.003294
江边饭店,120.848503,31.115049
外婆桥老饭店,120.848996,31.114338
周庄农夫饭店,120.84951,31.116619
阿蔡饭店,120.84967,31.45758
周庄家常饭店,120.850899,31.11644
聚宝楼饭店,120.8516,31.11595
小济公饭店,120.851692,31.43882
南通金陵华侨饭店,120.854103,32.027587
全福饭店,120.860008,31.367121
王子饭店,120.862106,32.013031
沁兰饭店,120.86305,32.00228
南通市蠓沟,120.865547,32.011768
如东饭店,120.86586,32.00899
新疆塔里木清真饭店,120.86721,32.01415
西汇饭店,120.8713,31.26977
剑华饭店,120.871613,31.269291
梅苑饭店,120.87355,31.70497
南通文峰饭店,120.875656,32.003257
南通大饭店,120.877363,32.0085303
龙飞饭店,120.88088,31.37356
温州饭店,120.884338,31.598731
王忠特色炒饭店,120.885521,32.00182
西塘湿婆罗多饭店,120.8903072,30.948148
好人缘饭店,120.890686,30.94507
聚福楼饭店,120.8915829,30.94502019
迎春饭店,120.89183,31.949409
新雅饭店,120.89347,30.98036
又一村饭店,120.894485,30.944191
丁记饭店,120.8945066,30.94557353
鲁家桥饭店,120.894997,30.94463
醉香楼饭店,120.895321,30.947922
西塘忆江南饭店,120.895668,30.943899
湿婆罗多饭店,120.897636,30.945554
绿江南饭店,120.899,31.1752
剧场饭店,120.90197,31.17732
湘江人家饭店,120.9084616,31.3426633
凯凯饭店,120.920578,31.729139
华信泾河饭店,120.924568,31.400803
陈辰饭店,120.93998,31.91539
就到老饭店,120.942017,31.437794
水秀饭店,120.94344,31.40728
老家饭店,120.94403,31.4045
富利天大饭店,120.944618,31.3815
禾家欢汇煲堂饭店,120.9448,31.40451
嘉顿国际饭店,120.9522,31.38921
珍宝饭店,120.952988,31.37759
南街口饭店,120.95478,31.37788
巴城老街饭店,120.955398,31.383304
晓汤特色饭店,120.95645,31.38179
鹿城饭店,120.956993,31.38044
凯悦国际大饭店,120.964958,31.403231
同丰饭店,120.96793,31.38588
东方凯悦国际饭店,120.970757,31.383642
沿江萍萍饭店,120.97441,31.73859
美佳饭店,120.976357,31.37949
圆明饭店,120.980651,31.362197
川湘缘饭店,120.983643,31.39501
隆祺建国饭店,120.989575,31.357238
金桥饭店,120.994888,31.71563
开心饭店,121.001938,31.338793
川号子饭店,121.0021896,31.34127998
老四川饭店,121.01967,31.35617
百福来饭店,121.021881,31.12466
淀山湖饭店,121.033203,31.099857
朱家角绿都饭店,121.036575,31.100037
公园饭店,121.04544,31.3126
可醉饭店,121.053695,31.113134
孙记饭店,121.054718,31.112503
朱家角玉兰饭店,121.0565541,31.10965279
八仙楼饭店,121.056725,31.109232
小江南饭店,121.057434,31.108524
正先饭店,121.05858,31.11022
弘德楼饭店,121.05921,31.11022395
渡口饭店,121.0597305,31.71804047
王琴饭店,121.059776,31.108589
海缘饭店,121.085358,31.59342
惠友饭店,121.09266,31.31114
小北门饭店,121.10527,31.45338
沐阳饭店,121.12419,31.4635
钱浦饭店,121.134476,31.362949
为民饭店,121.14736,31.29606
严泗桥饭店,121.15277,31.2986
老街坊河鲜土菜饭店,121.15766,31.2926
玉兰饭店,121.1630096,31.29725075
林静饭店,121.173439,31.361883
阿国饭店,121.175919,31.291267
小黄饭店,121.193039,31.471359
阿二饭店,121.21347,31.602989
浦金饭店,121.216377,31.603649
平城饭店,121.22614,31.38378
唐行饭店,121.241127,31.461651
迎园饭店,121.242797,31.380245
忠效农家乐饭店,121.243813,31.734819
嘉宾饭店,121.246556,31.388565
品海饭店,121.259346,31.407058
新鑫海鲜饭店,121.266715,31.51292911
瑞安山海饭店,121.277817,31.498053
裕景大饭店,121.307922,31.42104
老西门农家乐大饭店,121.392171,31.620321
佳城饭店,121.3925,31.62717
金利来饭店,121.39494,31.62679
恒瑞饭店,121.4125258,31.6248958
铁板鲈鱼,119.90374,31.01337
同福土菜馆,119.904441,31.009511
大唐贡茶,119.90461,31.01118
阿香面菜馆,119.906952,31.008677
川德火锅,119.908188,31.00474
长野拉面,119.9098353,30.99770345
太湖西岸家常菜,119.913971,30.99859
上岛咖啡,119.9196905,30.99560357
阿福土菜馆,119.94944,30.99082
菜菜,119.949555,30.999872
大别山土菜馆,120.077141,30.882839
和风洋食,120.082726,30.898273
素年咖啡,120.084514,30.886393
小灶头农家菜,120.0913789,30.88268392
必胜客,120.092903,30.873472
东方红湘菜馆,120.0956638,30.88279243
永春福传家菜,120.0959389,30.87688694
蓝爵咖啡,120.09726,30.87734
西堤岛咖啡,120.09754,30.87187
星巴克咖啡,120.098999,30.867893
厦门沃头干粥,120.099838,30.872453
意利咖啡,120.099891,30.873624
爵士岛咖啡,120.100014,30.8675
老土农家菜,120.10092,30.89452
两岸咖啡,120.101432,30.866977
新意农家菜馆,120.10162,30.91062
太湖路农夫菜馆,120.101692,30.881929
BBQ巴西烤肉,120.102409,30.867564
桥头美食,120.102562,30.892441
南太湖土菜,120.1026,30.890169
第三地咖啡,120.103012,30.868002
拾年咖啡,120.104454,30.886955
荣记生煎,120.106308,30.872471
双林面饭,120.106461,30.87245
两岸咖啡西餐,120.107307,30.86911
老马酸菜鱼,120.107338,30.872669
糊粥,120.108284,30.958399
可可・咖啡语茶,120.109337,30.86812
百姓农家土菜馆,120.11042,30.87928
温州老陈粢米饭,120.11132,30.86857
天福茶咖啡,120.111778,30.869381
永春船家菜,120.114761,30.954039
你我茶,120.115662,30.88031
湖州鸡毛换糖粗菜馆,120.129333,30.855606
为民农家菜馆,120.135498,30.86499
老三土菜馆,120.149818,30.858325
林中土菜馆,120.238411,31.446569
双林大锅菜,120.250183,30.870365
象山海鲜,120.2584,30.863359
欧凯西餐,120.26097,30.85757
杭州永和豆浆,120.26203,30.86489
猪肚鸡,120.262374,32.008886
味道江湖菜,120.263725,30.853985
时月咖啡,120.264687,32.018745
若微咖啡,120.264755,32.019543
果园农家饭,120.265709,31.14163
老北京火锅,120.265999,32.001392
老季市私房菜馆,120.267959,32.004077
转角咖啡,120.268219,32.014473
一家人川菜馆,120.268219,32.01123
三江农家饭,120.268264,31.142889
茗明茶,120.269226,32.010818
丰俭酸菜鱼,120.269493,32.010792
龙龙农家菜馆,120.270607,32.010731
生野咖啡,120.27124,32.016212
永吉家常蒸菜馆,120.271278,31.48547
渝远亭概念川菜,120.272337,31.4737
何记饭庄,120.273338,31.071569
何记太湖饭庄,120.27454,31.07057
恒华园餐厅＆自助火锅,120.274703,31.473367
东佳人饭馆,120.276299,32.01947
昊盛美食,120.276314,32.019001
老马兰州拉面,120.276665,31.927191
世纪海鲜,120.276786,32.00168
爱琴海咖啡,120.277236,31.990329
明月饭庄,120.28424,31.06472
山水农家饭,120.28536,31.06506
赏湖楼农家饭,120.285797,31.0651
秦记农家饭,120.286171,31.06476
植里好怡家饭庄,120.286484,31.140581
金陵饭庄,120.287598,32.01342
光明塔左岸咖啡,120.289047,31.921551
普陀小海鲜,120.291306,31.904999
丽湖蒸菜馆,120.293083,31.922735
徐记农家饭,120.29316,31.07776
新石器烤肉,120.29557,31.923126
凤记农家饭,120.296852,31.07303
高丽苑韩国烤肉,120.2976,31.923468
左右咖啡,120.2979864,31.90771435
阴山岛家常饭,120.301415,31.152917
江阴大润发肯德基,120.301704,31.9119
包山农家饭,120.301857,31.106079
迎山湖农家饭,120.302,31.104
上岸咖啡,120.3020619,31.90818576
花之缘农家饭,120.30242,31.10843
江南公社概念湘菜,120.3031098,31.9069458
百年顺香家常菜馆,120.304,31.904
林屋农家饭,120.304451,31.10479
新三江农家饭,120.31,31.1317
春梅冷菜,120.32289,32.02215
缘缘冷菜,120.32931,32.00668
云亭猪头肉,120.343313,31.8646696
顺盛菜馆,120.34722,31.85742
彬彬美食,120.356148,32.104801
快活林野菜馆,120.3632889,31.19119453
湖心野生菜馆,120.3663448,31.19769263
外婆烧,120.3697454,31.49128718
大千川菜,120.375298,31.490589
深蓝咖啡,120.375999,31.490299
周西家常菜馆,120.3844929,31.85598098
东山小长湾特色农家饭,120.386085,31.101913
三房桥小饭馆,120.387657,31.48457
长寿面,120.39144,31.85448
红叶农家菜,120.39307,31.28243
川福火锅,120.39404,30.94809
雅迪咖啡,120.40245,31.86306
上尚品咖啡,120.404228,31.8633
要德骨头汤,120.40512,31.86288
川渝楼干锅火锅,120.405273,31.338084
东山农家饭庄,120.40637,31.08875
新经典咖啡,120.40666,31.86313
阿胖夜排档火锅,120.41144,31.86334
老唐夜排档火锅,120.41152,31.86417
上好咖啡语茶,120.41155,31.07904
百度烤鱼,120.412924,30.870646
名都咖啡,120.413399,30.869841
阿惠蒸菜馆,120.414101,31.95561
百岁面,120.41469,30.87331
老字号兰州手工牛肉拉面,120.414932,31.951811
桐庐石锅鱼,120.415,31.9543
六和神鱼,120.415594,30.871966
要德自助火锅,120.4166225,30.87133518
阿香婆堡仔饭,120.419461,30.87115967
陶小陶咖啡,120.423347,31.958038
经典咖啡,120.42771,31.95707
浔家菜,120.429637,30.87643419
农家菜馆,120.429862,30.87755
迪欧咖啡,120.430114,30.868293
三碗茶,120.430999,30.881309
云漫咖啡,120.431946,30.869476
哈曼德咖啡,120.4338349,31.50362772
小四川火锅,120.44511,31.43269
金格里咖啡语茶,120.4478,31.918539
金三峡酸菜鱼,120.452087,30.911909
隆源面饭馆,120.4555969,31.92222023
麦当劳,120.455948,31.440399
second cup咖啡,120.459755,31.595093
茶・咖啡,120.46366,31.12016
苏南菜馆,120.463753,31.80109
观前街美食,120.472,31.3752
安镇大润发肯德基,120.472519,31.614229
书生羊肉,120.476669,30.75223
锦岸私房菜,120.47934,30.750813
辣乌镇饭馆,120.47971,30.75052
肯德基,120.480979,31.49319
醉香咖啡,120.48361,31.74744
乌镇科纳咖啡,120.4846726,30.74829102
乌镇锦岸私房菜,120.4854801,30.74829498
水阁船家美食,120.4861291,30.74790097
布拉格咖啡,120.48825,30.801275
米粒咖啡,120.48895,30.74673
乌镇溜溜川菜馆,120.489158,30.74622491
正宗四川酸菜鱼,120.490356,30.84667
太湖水面,120.490913,31.092197
水之屋铁板烧,120.491,30.7485
金山峡火锅,120.492271,31.67025
阳山绿豆汤,120.492783,31.370392
桑梓鲜榨果汁,120.49368,30.741301
一区趣豆豆绿豆汤,120.494064,31.370262
咖喱瞬,120.4943,30.75075
味可美汉堡奶茶炸鸡,120.494392,31.482531
伊藤咖啡语茶,120.494789,30.744711
(新桥服务区)透骨香扒鸡,120.495239,31.80859
鸿运川菜馆,120.49772,31.51804
金冠生日蛋糕,120.499191,31.1609
白鹿饭庄,120.50523,31.85881
集友咖啡,120.50592,30.79996
三嫂子火锅,120.50653,31.37954
香港街肯德基,120.507385,31.258041
名岛咖啡,120.50807,30.90517
傣式风情休闲时尚火锅,120.5086741,31.69407584
爱尚精品火锅,120.509369,31.256479
万福居家常菜,120.509552,31.360351
样福.汤,120.510566,31.872146
汉釜宫韩式烤肉,120.51163,31.25721
木渎玉玲珑粗菜馆,120.5118866,31.26184082
神龙重庆酸菜鱼,120.512848,30.91387
爱晚亭川味家常菜,120.513489,31.26119
正宗北京爆烤鸭,120.51387,30.67798
吾面堂台湾牛肉面,120.514,31.3926
胖哥鲜自助火锅,120.514,31.255199
天府楼火锅,120.5158,31.431669
蜻庭云顶咖啡,120.51583,31.869468
金鱼,120.515844,31.251697
蜻蜓云顶咖啡,120.515877,31.869528
小城故事私房菜,120.516998,31.2617
来来永和豆浆,120.517,31.2576
派克自助火锅,120.517626,31.872333
胡弄寿喜烧,120.517921,31.869711
妮纳罗咖啡,120.517998,31.869699
禾麒麟农家菜,120.51802,31.26266
藏书羊肉,120.518417,31.273359
新世纪咖啡语茶,120.51853,31.2479
韩宫宴炭火烤肉,120.518738,31.869209
银兴菜馆,120.51916,31.24295
大唐嘉华川蜀美食,120.52018,31.86695
刘罗锅广式潮汕砂锅粥,120.521186,31.867286
乡巴佬川菜馆,120.52233,31.23139
百岁鱼,120.523994,31.270538
杨门火锅,120.52762,31.27488
重庆德庄火锅,120.530457,31.86445
名城咖啡,120.532867,30.837799
诸葛烤鱼,120.532951,31.865879
新疆大盘鸡,120.53359,31.86919
川德要德火锅,120.53396,31.17011
润发美食,120.534218,31.86495
潮汕砂锅粥,120.534665,31.866963
小上海菜馆,120.53498,31.86887
阿明美食,120.53577,31.01462
金岛咖啡,120.53587,31.01712
台湾雪锅,120.536492,31.865755
胖大嫂酸菜鱼,120.536636,31.01676
火地铁板烧,120.537,31.2836
魔锅坊麻辣香锅,120.537003,31.865101
土家人风味湘菜馆,120.537109,31.282021
新戗港船菜馆,120.537338,31.045879
新升新苑回头客黑鸭,120.538932,31.281852
和合人家土菜馆,120.53916,31.86463
辛巴克・咖啡,120.539597,31.863859
两重天台湾雪锅,120.541,31.8634
酸菜鱼,120.5418,31.86696
姚记蒸菜馆,120.542,31.85628
陌家咖啡,120.542374,31.860987
南苑美食,120.542412,31.856131
陈家菜馆,120.542542,31.85635
庄家菜饭馆,120.54293,31.86762
宝利家常菜馆,120.54308,31.87339
傣妹火锅,120.543198,31.86314
伦巴达巴西烤肉,120.54321,31.86313
好味家土菜馆,120.54325,31.85802
韩都自助烤肉,120.544,31.86363
俏南国火锅,120.544,31.8625
粗菜馆,120.54422,31.304741
柒发中国菜,120.544975,31.867302
韵典咖啡,120.544975,31.623936
旺山生态园静园饭庄,120.54572,31.21573
名典咖啡语茶,120.54608,31.86368
桂花香湘菜馆,120.54657,31.31603
永典咖啡,120.546799,31.772367
老宅私房菜,120.5468,31.2852
邵氏光头鸡,120.5472645,31.77087158
回头客土菜馆,120.54811,31.888278
极品蛋蛋饭,120.54825,31.3011
七发中国菜,120.548683,31.865248
11年咖啡,120.548767,31.859375
吴门传菜,120.54882,31.29382
香港粗菜馆,120.5491028,31.30014992
新旺精菜馆,120.549362,31.865204
香川和茶,120.549408,31.28701782
杨舍人家家常菜馆,120.549698,31.86281
国泰面菜馆,120.54995,31.87454
第一美咖啡,120.550003,31.2801
维克自助餐西餐,120.55017,31.87785
川锦火锅,120.550232,31.30958
乐慕自助铁板烧,120.550575,31.877645
特香蛋糕,120.550613,31.879669
惠琴肥肠鱼,120.55116,31.97505
重庆孙天火锅,120.55185,31.35196
麦香园西饼,120.552307,31.700171
兰州一碗香牛肉拉面,120.55247,31.30982
左岸咖啡,120.55274,31.8773
阿哲喜烤肉,120.553,31.2881
品粥坊烤海鲜,120.5531399,31.29941395
华祥苑茗茶,120.553466,31.861928
江淮特食,120.55351,31.86097
海王咖啡,120.554394,31.304067
全聚仁果木烤鸭,120.55524,31.86028
松阪烤肉,120.555809,31.303169
沁丰园湘菜馆,120.556,31.3074
台湾卢记麻辣火锅,120.556831,31.292339
蜀一蜀二川菜馆,120.55692,31.86126
三万昌咖啡,120.55757,31.29683
麻吉盛石头火锅,120.558319,31.30769
客家猪肚鸡,120.5584923,31.30760525
忘不了酸菜鱼,120.55854,31.308405
佳味菜馆,120.559113,31.8659
金陵鸭血粉丝汤,120.559998,31.2885
我爱我家家常菜馆,120.560287,31.86768
德沁园家常菜馆,120.56058,31.86844
有滋有味菜馆,120.56065,31.86124
张兰拉面,120.56092,31.30048
祥福鸡,120.56101,31.29547
鱼炫菜馆,120.56148,31.86498
松谷铁板烧,120.56178,31.296752
松阪炭火烧肉,120.56181,31.29032
花月日本料理烤肉,120.561897,31.28928
气力苑日式烧肉,120.56221,31.289871
商业街兰州拉面,120.562218,31.292601
北海道拉面,120.562462,31.28694
味噌拉面,120.562477,31.28871
西蜀寒舍川菜馆,120.56288,31.30065
鱼匠炉端烧,120.563217,31.288603
神座铁板烧,120.56362,31.29381
五佰碗老汤面,120.564018,31.288639
回味菜馆,120.5640899,32.09841743
堂吉咖啡,120.565511,31.294095
德天肥牛海鲜火锅,120.566,31.2938
西九巷咖啡,120.567421,31.319534
姥娘麻辣烫火锅,120.568,31.3004
府城鲁肉饭,120.568611,31.293304
聚丝滑火锅,120.5690765,31.29327965
旧影咖啡,120.5693937,31.2559126
香・车・汇创意美食,120.5701139,31.87435031
乐乐永和豆浆,120.572,31.2036
阿潘骨头汤,120.5724061,31.312384
米罗咖啡,120.574432,31.31097
阿雷酸菜鱼,120.574707,31.253448
金玉米农家饭庄,120.577232,31.307211
老苏州美食,120.578888,31.332821
麦香园蛋糕,120.58121,31.37884
海底捞火锅,120.583023,31.272585
港湾饮食,120.583328,31.316219
川悦楼创新火锅,120.585,31.2989
西缘川菜馆,120.58508,31.31656
都可奶茶,120.585316,31.298886
叶子干锅,120.58532,31.298885
来客茂雅堤咖啡,120.585335,31.315214
思味轩东北菜馆,120.586601,30.9825
万达花袭人红楼干锅,120.5874295,31.37203235
久石烤肉,120.58748,31.22005
九方缘川菜馆,120.587608,31.32164
江南私房菜馆,120.588272,31.328449
蜀香火锅,120.58876,30.98237
风铃语茶,120.58911,31.37396
咖啡语茶,120.59104,30.98198
嘉岛咖啡,120.592205,31.215738
亚马逊巴西烤肉,120.592292,31.215242
传世 ?骨头饭,120.593792,31.271231
ichoice手工Diy创意巧克力和蛋糕,120.594894,31.306549
喜唯森国际自助美食,120.59683,31.311082
爱维尔阳光蛋糕,120.598259,31.284019
糖粥,120.59834,31.30994
矮墩墩苏菜馆,120.59834,31.30994
捞鱼池火锅,120.598457,31.296457
湖鲜楼太湖农家菜馆,120.59854,31.28318
金湘阁湘菜馆,120.598701,31.314461
锅膳台式涮涮锅,120.59873,31.28187
画布咖啡,120.59874,31.333088
康师傅私房牛肉面,120.5987628,31.30978842
盆派冒菜,120.59886,31.22169
百合西餐,120.59924,31.29832
川家火锅,120.599907,31.31134
你是我的菜,120.59996,31.310378
藤家鲷鱼烧,120.599998,31.3102
林记金陵鸭血粉丝汤,120.60015,31.30943
ICHOICE DIY手工巧克力和蛋糕,120.600327,31.309469
真旺小渔歌海鲜火锅,120.600929,31.305201
热城咖啡,120.600998,31.369499
京京鸭血粉丝汤,120.60173,31.313236
湘西土菜馆,120.602,31.3093
怡乡春竹海鲜自助,120.602318,31.251406
伯爵坊西饼,120.602417,31.270679
嘉禾鹅汤,120.602692,31.309219
赵元章肉骨烧,120.602997,31.3151
鼎顶鸡,120.603104,31.312691
潘记藏书羊肉,120.6031799,31.31516457
原味鸭血粉丝汤,120.60374,31.31393
伽侬咖啡,120.60379,31.308556
育轩火鸡饭,120.603958,31.315298
京式火锅,120.604194,31.307287
重庆烧鸡公新派干锅川菜,120.60456,31.31067
邓老凉茶,120.604815,31.318365
火车站肯德基,120.604818,31.323874
鼎鲜居老北京涮羊肉,120.605,31.3106
长发西饼,120.60526,31.30401
香得来锅贴,120.606,31.3152
震源生煎,120.606003,31.289
奥灶面,120.60627,31.31506
西中市阊门饭店口14O一2号川香菜馆,120.60633,31.315235
火鸡饭,120.6068726,31.31532288
阊门姚记豆浆,120.60733,31.31517
蜀江烤鱼,120.607857,31.344517
阿四菜饭,120.608,31.2987
镇江锅盖面,120.608002,31.302799
小尾羊火锅,120.608223,31.289801
嘉兴市新塍镇荣荣糕点,120.6082675,30.8006195
小碗居私房菜馆,120.608498,31.277559
小芙蓉湘菜馆,120.608727,31.28948
缘座咖啡,120.609001,31.255501
桃花仙面饭馆,120.60993,31.31988
烧鸡公时尚干锅火锅,120.610313,31.2896
皋桥卤菜,120.610626,31.315981
万年青饭庄,120.610748,31.29829
如意菜饭,120.610817,31.309387
塞纳印象法式铁板烧,120.61084,31.23365
阿四家常菜,120.610878,31.31008
南番顺精品毋米粥火锅,120.6109,31.32909
阿景黄牛骨头汤,120.6109,31.31004
侗湘土菜馆,120.611923,31.303749
山城水煮鱼,120.61264,31.327425
品味鸭血粉丝汤,120.612846,31.281601
老实人面饭馆,120.6131821,31.31010056
翔贺松谷铁板烧,120.61325,31.299581
温州瑞平黄牛火锅,120.613327,31.298429
韩悦韩式烤肉,120.613998,31.342199
川妹子酸菜鱼,120.61416,31.29199
酷爱西点,120.614929,31.230141
醉辣 重庆老火锅,120.615119,31.320479
塔影咖啡,120.616081,31.371359
新岛咖啡,120.6164825,31.24475911
桂源铺丝袜奶茶,120.616515,31.299753
顺记金陵鸭血粉丝汤,120.6168,31.27191
化隆牛肉面,120.616814,31.30303
熹咖啡,120.616844,31.290436
味千拉面,120.617165,31.309998
天赋渔村饭馆,120.617218,31.094481
全统永和豆浆,120.617996,31.2668
苏北弄堂菜,120.618095,31.268745
老北京烤鸭,120.618156,31.309587
东吴面饭馆,120.618301,31.36302
御荣府火锅,120.6185657,31.3102879
沐目菜,120.618811,31.312864
小朱藏书羊肉,120.61897,31.32069
恰客西餐咖啡,120.619133,31.28891
鲁记山东菜馆,120.619186,31.290903
醉辣重庆老火锅,120.619583,31.318497
方头美汁锅,120.619827,31.306977
川府小菜,120.619957,31.36866
三星灶酸菜鱼,120.62,31.2671
旺仔煲仔饭,120.62,31.3079
正宗川菜,120.620071,31.279751
韩风炭火烤肉,120.62014,31.318319
韶山湘菜馆,120.62045,31.25645
蒲林面饭,120.620491,31.31354
明月语茶,120.620888,31.365049
太乙壹号蛙蛙叫干锅,120.621,31.3079
锅神湘西土家菜,120.6212573,31.3093874
蜀都川菜馆,120.621262,31.36223
八鲜农家菜,120.621353,31.262091
兴义菜馆,120.62166,31.26217
要得火锅,120.62178,31.314086
韩式自助烤肉,120.621805,31.312158
|醵面,120.6218418,31.312904
新聚丰菜馆,120.6218418,31.312904
相城区谷底捞火锅,120.6218495,31.354386
雅宴精致台式火锅,120.6220627,31.30998993
Mr. Wood伍德咖啡,120.622619,31.306051
九洲拉面,120.6228027,31.30768967
飞燕饮食,120.62281,31.30156
苏州刘二私房菜馆,120.622822,31.28178
台北清粥小菜,120.623,31.3083
利民土菜馆,120.6230087,30.84304047
E大调咖啡,120.623222,31.308472
观前街富仁坊巷65号 沐目菜,120.623245,31.307478
富仁坊65号 沐目菜,120.623252,31.307477
苏州　观前街　麦当劳,120.6232758,31.31098557
沭目菜,120.623338,31.308225
水天堂西餐咖啡,120.62348,31.30826
杨氏糕点,120.623756,31.319151
老轩鱼头火锅,120.624,31.30126
杨招娣糕点,120.624,31.3192
旺角轩粤菜馆,120.624001,31.313299
大盘菜,120.624023,31.298265
好伦哥比萨自助,120.62406,31.30927
天德楼大盘菜,120.624237,31.298149
胖姐酸菜鱼,120.62435,31.30926
九州拉面,120.624397,31.307751
斧山铁板烧,120.624557,31.308359
苏州雪峰高山茶,120.624604,31.309887
潘玉麟糖粥,120.624718,31.31525
丝袜奶茶―一杯有态度的奶茶,120.624807,31.311761
裕清农家菜馆,120.62493,31.31071
美心日韩美食,120.625,31.3111
徐王记砂锅粥,120.625,31.3111
西北街豆浆,120.625,31.3221
雅之典咖啡雨茶,120.625085,31.3306
蜀中香香锅,120.6251598,31.31153246
康师傅私访牛肉面,120.625404,31.311933
品轩顺记广东菜馆,120.625496,31.310465
农家小毛驴饭庄,120.625603,31.317513
张飞牛肉,120.625618,31.309858
老大坊生煎,120.6257,31.31492
巴蜀传香,120.625824,31.269941
上海老正兴菜馆,120.62595,31.31034
GinkgoCafey杏咖啡,120.6259512,31.3078925
周猩猩的秘食,120.625999,31.308201
德月楼菜馆,120.625999,31.310699
鸿鑫楼大盘菜,120.62634,31.32602
聚香园鸭血粉丝汤,120.62642,31.31031
小肥羊火锅,120.626434,31.301448
阳澄湖农家饭庄,120.62645,31.32395
小绵羊火锅,120.62648,31.31065
苏州 观前街 肯德基,120.626754,31.311597
沈记小菜,120.626808,31.312358
游暇良茶,120.626915,31.298508
乐天楼菜馆,120.626999,31.3235
盛世干锅,120.627167,31.310631
慢飨咖啡,120.627514,31.303924
简单点丝袜奶茶,120.627518,31.311081
粤尚潮汕海鲜砂锅粥,120.6276218,31.31065544
叶红私房菜,120.62764,31.157761
捞・渔池火锅,120.6276875,31.3085845
简单咖啡,120.62786,31.29883
Designer.绯咖啡,120.628143,31.307156
尚河咖啡,120.6281651,31.3202121
荔茵潮汕砂锅粥,120.6281786,31.3013735
如家饮食,120.6286,31.16062
玛格丽特西餐,120.62879,31.31616
妈妈菜馆,120.628929,31.31983
采蝶轩西饼蛋糕,120.629051,31.314989
紫来饭庄,120.62912,31.16167
卧龙菜馆,120.629242,31.3181
小饭店盒饭,120.629448,31.280279
刘二私房菜,120.629578,31.279999
朋友缘黄牛骨头汤,120.629791,31.315414
台澈{的最西面,120.629844,31.32566
苏果蒸菜馆,120.62988,31.7881
小巷咖啡,120.629936,31.315187
玲珑记鸭血粉丝汤,120.63018,31.31059
大胖子血汤,120.63027,31.31866
阅读咖啡,120.630409,31.28974
全州拌饭,120.630524,31.268673
四方街家常菜馆,120.63065,31.30736
GARYBEE69美式咖啡,120.630997,31.2992
蜀南川菜馆,120.63137,31.27197
蜀香川菜馆,120.631569,31.25453
喜年年永和豆浆,120.63166,31.25454
黄桥烧饼,120.63197,31.26279
钻石咖啡,120.632,31.309
点点咖啡,120.63209,31.31861
天缘鸭血粉丝汤,120.63246,31.3036
在端咖啡,120.63251,31.316345
协和菜馆,120.632591,31.299271
凤凰传奇自助火锅,120.63264,31.29959
好福记土菜馆,120.63271,31.30594
WOW咖啡,120.632803,31.304954
鸿盛川菜,120.63284,31.20769
古早味火鸡饭,120.632843,31.298599
悦读咖啡,120.633,31.2863
一文酸菜鱼,120.633,31.3014
草原风时尚热气羊肉火锅,120.633,31.2978
笛欧咖啡,120.63307,30.97651
原色私家精品手冲咖啡,120.63316,31.31645
欧式脆皮蛋糕,120.633232,31.282499
金章鱼,120.633522,31.298031
西山土菜馆,120.633537,31.26996
吉家台式涮涮锅,120.6336557,31.1439739
七里香菜馆,120.634041,31.14575
洛七时光咖啡,120.634186,31.311306
要德火锅,120.634438,31.254919
三兄弟牛肉面,120.634812,31.149617
大渔板烧,120.634888,31.287127
杨师傅奥灶面,120.635689,31.30233
哈拉贝西餐,120.635815,31.143428
米兔咖啡,120.6359683,31.1614988
卫方藏书羊肉,120.63644,31.31958
欧香咖啡语茶,120.636467,30.97636
四川嘉州紫燕百味鸡,120.63649,31.256531
阿蔡农家菜馆,120.636528,31.25515
好口福西饼,120.636627,31.30265
味家鸭血粉丝汤,120.637,31.286
一笼烧麦,120.637016,31.163031
美陌红酒&咖啡,120.637458,31.293389
罗士咖啡语茶,120.637497,31.36865
金谷咖啡,120.638283,31.275049
幺妹自助火锅,120.63844,31.16067
沁园春休闲饭庄,120.63864,31.82067
图米朵咖啡奶茶蛋糕甜点,120.639008,31.162109
普罗旺斯咖啡餐点,120.63908,31.29959
欧迪咖啡,120.63917,31.36393
小李子酸菜鱼,120.63922,31.81664
重庆秦妈火锅,120.639297,31.2992
艾维尔阳光蛋糕,120.63941,31.14732
佳惠美食,120.639687,31.158689
柳荫乐鱼,120.639938,31.33267
乾御泰妈妈菜馆,120.639999,31.1514
GHOST奶茶咖啡,120.64,31.3032
金米萝咖啡,120.64048,31.35807
有家酸菜鱼,120.640731,31.357847
陈记鸭血粉丝汤,120.64132,31.29899
川惠火锅,120.6421,31.33645
苏州市仓浪区十全街地锅鸡,120.642242,31.299484
粤兴潮汕美食,120.642753,31.153865
彼岸书香,120.642756,31.304901
酸菜鱼川菜馆,120.6427918,31.96188927
茶物语茶饮甜点,120.6433475,31.30994636
金三峡火锅,120.64353,31.16204
深色咖啡,120.643791,31.168379
国宾火锅,120.644026,31.161238
正宗厦门脆皮老婆饼,120.64415,31.16045
麦佬乡蛋糕,120.644249,31.16069
后庄烤鱿鱼,120.6444397,31.30743027
祥云饭庄,120.64449,31.2451
GT超级咖啡台湾鲜茶,120.64462,31.3018
伴岛咖啡语茶,120.644691,31.17034
恋湘・湘菜,120.644791,31.299339
天元酱鸭,120.64495,30.97756
下一站奶茶,120.645279,31.29797
老山界湘菜馆,120.645325,31.155586
好吃面,120.64537,31.29751
巴蜀川菜馆,120.645416,31.307859
可米蛋糕,120.64559,31.29959
老西街菜馆,120.646,31.2971
易是咖啡,120.64605,31.17006
重庆三峡火锅,120.646179,31.25141
松田台式涮涮锅,120.64627,31.16592
俏川国时尚川菜,120.646683,31.324785
盛鼎园美食,120.64682,30.97813
麻辣酸菜鱼,120.647,31.1648
盛记一品锅贴,120.647102,31.169495
庄先湾农家菜,120.647499,31.30442
冠军鸡肉饭,120.648,31.172
大师砂锅粥,120.648,31.166
龙沙艺茶,120.64826,31.96124
南通小海鲜,120.648491,31.299654
农家菜,120.6485596,31.3049202
紫燕百味鸡,120.6494767,31.32118896
农家土菜馆,120.649811,31.816629
回道巴蜀川菜馆,120.64984,31.15337
程记粥堂饭庄,120.649902,31.155291
多多旺潮州菜,120.649983,31.158158
老肖湘菜馆,120.650047,31.305531
川滋味菜馆,120.650414,31.30562
香岛咖啡,120.65112,31.80768
小重庆酸菜鱼,120.651161,30.90303
永美藏书羊肉,120.6513861,31.30587099
喜年年豆浆,120.651573,31.465954
馨岛咖啡语茶,120.65351,31.46423
财根藏书羊肉面,120.65413,31.28515
苏式月饼,120.654228,31.290611
徐家浜鸭血粉丝汤,120.65543,31.3079
米娅零食,120.655495,30.908125
杨园奥鸡,120.656281,31.557098
忆咖啡,120.656311,30.902302
多伦多海鲜,120.656326,31.316774
苏州好得睐方便菜,120.65656,31.22676
福余菜馆,120.657021,31.29652
多多旺潮汕砂锅粥,120.6571723,31.31829682
大弟羊肉,120.657318,31.305906
苏雅路肯德基,120.657324,31.315867
八家茶,120.657486,30.898012
誉记铁板烧,120.65833,31.30556
伯爵伦咖啡,120.6586472,31.46713891
麻辣香锅,120.658653,31.318041
七香屋铁板烧,120.6586685,31.30497932
重庆酸菜鱼,120.6592651,31.46586995
统统台湾中式美食,120.65953,30.90032
热辣辣火锅,120.659987,31.296309
贝塔咖啡,120.660149,31.467899
川府火锅,120.660431,31.466242
锦江家常菜,120.66162,31.16073
伯星咖啡,120.661666,31.289714
巴蜀天香,120.662148,31.287249
象山小海鲜,120.662209,31.28801
聚山城川菜火锅,120.662689,31.28797
绿咖啡,120.662732,31.313385
福大私房菜,120.66278,31.28919
樱城咖啡,120.6630859,31.28900528
丽家拉面,120.663887,31.313665
乐立杯奶茶,120.664633,30.9016626
星都农家菜,120.664871,31.31996
揽香时尚川菜,120.664986,31.318714
揽香,120.66561,31.319338
虹日本烧肉,120.665657,31.315788
广龙轩九州豚骨拉面,120.665741,31.317392
园邸法式铁板烧,120.665855,31.317747
咔咔鲜榨玉米汁,120.66635,31.28825
正一品韩国烤肉,120.667572,31.313328
八爪鱼,120.668716,31.27463
朱鸿兴菜馆,120.66893,31.321671
海岛咖啡,120.66956,31.07391
苏怡新苏式茶点,120.671,31.3119
兴面饭馆,120.67323,31.0743
亨伯木碳烤肉,120.6744,31.31571
太平洋咖啡,120.675018,31.316135
大义邮政局对面,120.6800881,31.6981355
翰尔美食自助,120.6834338,31.31532265
俯前蒸菜馆,120.683617,31.70298
水街咖啡,120.689056,31.63821
山明味府农家菜,120.6900501,31.69567489
鑫铁板烧,120.691658,31.297037
永兴川菜火锅,120.69208,31.34432
鑫铁板烧・火锅・糕点,120.693618,31.296947
霸味姜母鸭养生火锅,120.6942953,31.29791107
因为爱回转式自助小火锅,120.6952875,31.29676085
锦丰大盘菜馆,120.69644,31.34462
五观堂素食,120.6969986,31.30089951
四叶咖啡,120.698395,31.331623
四叶草咖啡,120.699363,31.330134
米特立咖啡,120.700638,31.32877
古苑饭庄,120.70274,31.92947
安徽塔英式红茶,120.70343,31.325123
通天府妈妈菜馆,120.7058487,31.32098961
月光码头安薇塔英式下午茶,120.705971,31.320938
翰尔自助美食,120.706,31.3201
天福火锅,120.70645,31.00509
花丸乌冬面,120.707977,31.31938
御香七品焖锅,120.710205,31.329866
蓝海新加坡大海鲜,120.71068,31.31808
zizi烤鱼,120.712646,31.296812
阿一鲍鱼,120.713997,31.318899
川悦时尚自助火锅,120.714256,31.32081
锄锅日式寿喜烧自助火锅,120.7152,31.32127
天王名粥,120.716,31.3196
新桥土菜馆,120.716049,30.865322
果宝咖啡,120.716148,31.320054
@冶咖啡,120.7164,31.157104
古镇第一面,120.717941,31.159756
同里农家菜馆,120.7188886,31.15138373
来得福饭庄,120.719,31.1547
李记阿婆茶,120.72,31.1545
吴越荣记私房菜,120.720154,31.291084
东北私房菜,120.720932,31.248678
小胖家常菜馆,120.721031,31.623039
蜀哥味道川菜,120.721985,31.259842
金山顶上鱼翅&海鲜火锅,120.72292,31.33137
朴素素菜馆,120.723145,31.666197
半亩田粗菜馆,120.723281,31.622184
同里菩提咖啡,120.72438,31.153602
水天堂铁板烧,120.72509,31.32003
足道咖啡,120.726166,31.484928
东北菜馆,120.72621,31.29663
阿婆家农家菜,120.72682,31.15099
波菲特咖啡西餐,120.727959,31.313181
彩屋铁板烧,120.728,31.1634
包不同生煎,120.7281651,32.0556383
龙龙家常菜,120.73103,31.61822
老火车涮涮锅,120.731506,31.317621
6公里咖啡,120.73186,31.33867
重庆小火锅,120.732796,31.633049
湘城老大房麻饼,120.733742,31.49143
品味四季法式西点,120.734428,31.677319
诚信缘蒸菜馆,120.734558,31.67325
珂珂面饭馆,120.735313,31.66324
尚品港式时尚火锅,120.735619,31.672609
东北农家饭庄,120.736267,31.613529
余家菜馆,120.736389,31.62875
红灯笼菜馆,120.73664,31.61452
温州银来饭庄,120.736717,31.623449
千顺炭火锅,120.73734,31.31304
伊麦德牛肉面,120.73751,31.31545
常熟叫化鸡,120.738,31.62275
尚谷铁板烧,120.738,31.3216
南京盐水鸭,120.7380477,31.29260173
乐磨咖啡,120.738052,31.64006
川园蜀香火锅,120.7388,31.315556
粤仔湾潮汕砂锅粥,120.73897,31.644233
颜港刀削面,120.73949,31.66557
聚福缘东北菜馆,120.73966,31.31294
橘子洲湘菜馆,120.7400284,31.31308937
爱尚自助火锅,120.740425,31.644804
苏州市临顿路大叔蒸菜,120.740677,31.280727
乐磨时光咖啡,120.74102,31.642866
Pink甜点,120.741547,31.6485
老山界湘菜,120.74163,31.279233
韩国石锅拌饭,120.74195,31.31445
想见咖啡,120.742203,31.276068
望山面饭馆,120.742279,31.648979
菲聆咖啡,120.74251,31.27863
苏州藏书羊肉面,120.74259,31.66136
永和豆浆,120.743118,31.64361
一杯花茶,120.7433,31.64695
蔡大厨北方水饺家常菜,120.743843,31.64159
彼岸咖啡,120.74385,31.64237
普罗旺斯法式铁板烧,120.74398,31.6437
品轩砂锅粥,120.744,31.671
阿宝味美轩土菜馆,120.744186,31.64164
老季羊肉火锅,120.74478,31.67541
乐惠家常菜,120.74493,31.68979
程平饮食,120.74547,31.66988
磨洋工咖啡,120.745613,31.646858
味味咖喱饭,120.745689,31.276102
|北私房菜,120.7458878,31.27519035
苏州洲际酒店阿一鲍鱼,120.746075,31.316883
八号咖啡美食,120.74631,31.63825
桌游咖啡,120.74687,31.64432
连天红自助烤肉,120.747,31.2773
苏州羊肉面,120.747978,31.63542
睿咖啡,120.748,31.2695
新广城潮讪粥,120.7481073,31.64127117
re::Café 睿咖啡,120.748939,31.271062
得意楼蒸菜馆,120.750648,31.644239
金沙面饭馆,120.7512,31.65313
浅野台湾雪锅,120.751591,31.675702
胖胖家常菜馆,120.75166,31.64308
累的半死不活的喝咖啡,120.752142,31.266491
农乡饭馆,120.75219,31.9519
梅花糕,120.752507,31.653584
德仔煲仔饭,120.75251,31.653584
继光香香鸡,120.753098,31.64286
四海游龙锅贴,120.754292,31.336373
蓉城老妈火锅,120.754372,31.65642
蓬莱饭庄,120.754784,31.373779
新广城潮汕沙锅粥,120.754967,31.63932
欧玛西餐咖啡,120.75518,31.65497
香榭丽咖啡,120.755341,31.66374
沸腾鱼香,120.755943,31.64253
浅野雪锅,120.755981,31.675385
海里捞自助火锅,120.757,31.644
品味时光咖啡,120.757492,31.67662
印象城美食,120.758003,31.6504
上海亚加达巴西烤肉,120.75833,31.64942
聚金苑农家菜馆,120.75902,31.67294
小施家常菜馆,120.75965,31.6674
欧典咖啡,120.759995,31.671225
哈儿川菜馆,120.759995,31.649834
大江户铁板烧,120.760002,31.67161
面对面,120.76026,31.67258
老季市私家菜馆,120.760572,31.669004
飞扬生煎,120.76091,31.66395
我家酸菜鱼,120.762,31.6701
一碗面,120.762573,31.67008
明明酸菜鱼,120.762848,31.66437
兰州一碗香手拉面,120.76316,31.79306
哈儿川菜,120.763214,31.641562
大碗厨湘菜馆,120.764549,31.6416
张太汤煲家常菜馆,120.765129,31.644609
兴溢园菜馆,120.76553,31.66384
小金羊肉面,120.765549,31.64393
新广城潮汕砂锅粥,120.766525,31.666439
一锅香火锅,120.76698,31.66596
尚品港式火锅,120.766998,31.6707
张氏汤煲家常菜馆,120.768051,31.64415
鸿丰面饭馆,120.768318,31.644159
好食尚精品湘菜,120.7700208,31.6641662
世茂彼岸咖啡,120.771449,31.670525
老街炉鸡,120.772248,31.561458
(阳澄湖服务区)澄湖咖啡,120.77281,31.37111
索菲亚咖啡,120.773376,31.644472
阿庆嫂土菜,120.77691,31.56371
印象・咖啡,120.781181,31.630903
东南菜馆,120.781242,31.598386
美味思蛋糕西点,120.7822189,31.09277916
等吃饭,120.782661,31.370902
苏州火车站康师傅私房牛肉面,120.79771,31.349374
美食美客家常菜,120.8003684,31.63554905
吉辉馋味火锅,120.80239,32.05224
幽香面饭馆,120.8029785,31.74827003
香福村小菜,120.806168,32.028969
麦香园艺术蛋糕,120.81436,30.96697
和惠日式烧肉,120.8150411,31.36486904
常湘熟湘菜馆,120.82023,31.60886
湘妃阁湘菜馆,120.820717,31.60844
兰州正宗牛肉拉面,120.826378,31.30504
巴实川菜,120.83152,31.263741
红珠鸡,120.834221,32.02232
老树咖啡,120.8359067,31.0381404
蓝山咖啡,120.8431207,31.14867377
桃荣奥灶面,120.8443726,31.1166293
蓉城火锅,120.8451,32.003189
周庄左手后院咖啡,120.845299,31.115388
湘川菜馆,120.845901,31.02248
大码头拉面,120.846191,32.018089
蔡记小菜,120.847,31.020901
小百合菜馆,120.84867,32.00292
好再来川菜馆,120.84895,31.46359
万月楼老菜馆,120.848996,31.114338
兰州金鼎牛肉拉面,120.84928,32.01592
重庆八哥老火锅,120.849892,32.003971
7石咕噜鱼,120.850209,32.002663
汉唐茗茶,120.8508,32.01461
周庄万香糕点,120.850822,31.112053
一品海鲜,120.851725,32.006926
江海村传菜,120.855217,31.99835
春来海鲜,120.855377,31.99843
重庆火锅,120.855553,32.008293
四和春家常菜,120.855873,32.007648
上海三黄鸡,120.855873,32.004749
祥宝家常菜,120.85601,32.02232
湘村家常饭,120.85639,32.00448
万象小菜,120.856781,32.016621
老成都串串香,120.85753,32.00974
拂晓咖啡,120.857737,32.010733
重庆小天鹅火锅,120.859474,32.020489
欧尚必胜客,120.859734,31.997158
张记风味家常菜,120.85975,32.01609
老湘好湘菜馆,120.860878,32.01783
德克士,120.861162,32.01721895
医校巷 七月咖啡,120.861388,32.01213
常来常往私房菜,120.861595,32.003437
砂锅饭,120.862068,32.014271
南通小巷咖啡,120.862099,32.020847
田记炒饭,120.863334,32.01511
小昆山奥菜馆,120.864151,31.26671
福华肥牛,120.86427,32.02584
兴旺港式鲁肉饭,120.864578,32.01593
鑫旺美食,120.86466,32.0153
sarah法式西点,120.865112,32.021797
费家扒鸡,120.865211,32.01572
伊客拉面,120.865791,32.004959
无声美食,120.865799,32.012642
红满堂小菜,120.866142,32.032269
南大街菜馆,120.86648,32.01317
日全食,120.866562,32.012798
日菜,120.867149,32.009712
川丐火锅,120.867569,32.017551
格兰摩尔咖啡,120.86781,32.00738
每日咖啡,120.867851,32.010651
如果蛋糕,120.867926,32.010796
卫星牛肉,120.868515,32.010448
廊桥咖啡,120.868542,32.016445
宜兰咖啡,120.868568,32.01857
宁咖啡,120.869461,32.01532
品德火锅,120.86991,31.70396
绿荑咖啡,120.87,32.00314
盛典咖啡,120.87029,32.02732
棠?私房菜,120.871162,32.012539
阪神铁板烧,120.87189,32.01222
郭里园家常菜馆,120.87239,32.027282
南京鸭血粉丝汤,120.87293,31.27526
品香居家常菜,120.873039,32.025501
北京烤鸭,120.873703,32.011189
格调咖啡,120.874077,32.002762
宾利美食,120.874496,31.27383
昆山巴城姚氏蟹点,120.874632,31.446583
百岁鱼 f直百岁鱼,120.874731,31.274477
星期八海鲜,120.87503,32.00296
金达莱朝鲜菜,120.875183,32.019634
柠檬日本料理铁板烧,120.877678,32.003422
米兰咖啡,120.87798,31.27446
名典咖啡,120.878654,32.020729
悠悠鱼,120.879982,32.01527
汤记早点,120.88063,32.003231
新老湘好湘菜馆,120.880676,32.026699
仙朵咖啡,120.88157,32.02465
可利亚烧烤自助,120.881622,32.008133
江海明月私房菜,120.88275,32.0053
老板娘美食大师大碗面,120.88289,32.01099
南通崇川老房子火锅,120.88294,32.00895
阿sir咖啡,120.883102,32.004395
满堂居菜馆,120.883598,32.010578
两岸咖啡・西餐,120.88365,32.00718
水脉堂的粥,120.883667,32.003681
蓝村私房菜,120.8843805,32.01063126
时尚海鲜,120.88461,32.00794
福地官府菜,120.88474,31.99923
大家乐海鲜,120.885124,31.987649
西塘泽塔咖啡,120.886543,30.947777
粥八戒菜馆,120.88716,32.00218
游人小菜,120.88768,32.001671
阿龙一口粽,120.888031,30.94043
江山饭庄,120.88844,31.94896
多伦多海鲜自助,120.88884,31.97401
满忆咖啡,120.8889,30.940274
西塘沐咖啡,120.8889008,30.94810104
香草园咖啡,120.88909,31.96789
中南城香香锅,120.889359,31.973167
五味轩川菜,120.889771,31.383591
乃月家常菜,120.889999,32.0103
天缘家常菜,120.890381,31.952169
包福记五一路点,120.890586,32.009353
东北烤肉,120.89135,32.01056
佬土鹅肠火锅,120.891396,31.973803
1921法式铁板烧,120.891838,31.949104
懿咖啡,120.892227,30.947922
古道咖啡,120.8926468,30.94484901
姐妹家常菜,120.8928,30.9792
魔石咕噜鱼,120.892877,31.968687
天下第一面,120.892883,30.939939
百老汇商务酒店宁波海鲜,120.893054,31.3333275
阿龙粉蒸肉,120.893341,30.943983
香港恒记甜点,120.893448,31.968786
苏香门第湘菜粤菜,120.894324,31.979997
森林芡实糕,120.895035,30.944838
西塘百花深处咖啡,120.895172,30.946793
老马粉蒸肉,120.895233,30.944408
西塘 洛克自助,120.89563,30.946623
依 依美食,120.895645,30.94496
鼎辣麻辣火锅,120.897114,31.967124
优品咖啡,120.89823,31.96968
中南世纪城新岛咖啡,120.898735,31.973118
佬土火锅,120.898968,31.972444
江海一锅,120.8992,31.945169
凯萨印象铁板烧,120.90131,31.96931
老灶头饭庄,120.90435,31.084634
乡村人家饭庄,120.906341,31.093915
嘉乐精菜馆,120.9091424,31.38968644
西塘八道菜,120.909698,30.93251
桂竹园饭庄,120.912704,31.07203964
昆山市朗庭私房菜,120.916367,31.377144
极乐汤,120.920818,31.385241
巧全羊肉,120.921943,31.114801
田园肥牛,120.92855,31.39797
另类海鲜,120.928719,31.398239
粤港湾潮汕砂锅粥,120.93,31.3832
昆山欣欣胜记精品粤菜馆,120.931252,31.389584
川富火锅,120.93148,31.91864
金海洋湘菜馆,120.93602,31.18415
明乐咖啡,120.93928,31.28087
昆山胜记精品粤菜馆,120.93991,31.386533
昆缘私房菜馆,120.940414,31.379288
玛雅咖啡,120.943199,31.397751
苏北易吃菜馆,120.94383,31.38213
一品湘菜馆,120.94773,31.39751
猫屎咖啡,120.947754,31.384988
小街美食,120.948418,31.37923
A 台湾涮涮锅,120.949,31.285
百盛贡茶,120.949444,31.38501
永盛广场肯德基,120.950325,31.417017
供茶,120.950391,31.384239
阿红菜馆,120.950607,31.400761
红峰老汤面,120.951233,31.38278
绿色早点,120.95146,31.40574
新新菜馆,120.95148,31.37042
天一味川菜馆,120.95178,31.40779
小可楼海鲜,120.95195,31.40569
星岛咖啡,120.95213,31.40379
王府私房菜馆,120.952721,31.380211
椒点川菜,120.95274,31.38939
哚啡咖啡,120.952747,31.389882
上海新老大昌面包蛋糕月饼,120.95343,31.38093
巫山烤全鱼,120.953444,31.380411
集街300号主题式咖啡,120.953737,31.382676
宝庆湘菜馆,120.95391,31.34918
凯琳居饭庄,120.954,31.39069
拉芳舍咖啡・美食,120.9554367,31.38622093
海上海皇冠海鲜,120.95589,31.384551
华典咖啡,120.95622,31.37818
川湘豫美食,120.95655,31.31262
新故乡刀切面,120.956725,31.353273
唐氏川菜火锅,120.95679,31.31258
铱铂烩面,120.956795,31.379929
10排11座私房咖啡,120.956871,31.385656
欧索米萝咖啡,120.956923,31.391099
萨拉芬咖啡,120.956972,31.375182
Kafelaku Coffee 屎咖啡,120.957794,31.380791
好食荟永和豆浆,120.9579,31.37388
聚汇阁老北京涮羊肉,120.95887,31.39492
另一家川菜馆,120.958878,31.37866
日出咖啡,120.959,31.4037
晶天地菜馆,120.959061,31.395451
永丰和陈记面饭馆,120.959167,31.39843
炝锅鱼,120.959259,31.396351
微昆山概念咖啡,120.959815,31.376415
顺水推粥,120.959999,31.359369
鱼河岸日本菜馆,120.96032,31.37664
功夫鱼,120.960373,31.376659
小贝壳自助火锅,120.9604164,31.37504703
心语咖啡,120.9609,31.3801
徐记菜馆,120.961617,31.39572
梦妍美食,120.961708,31.371861
京都日本料理铁板烧,120.962372,31.379999
元始纸上烤肉,120.963,31.35
牛魔王牛肉面,120.96352,31.37797
新陶芳私房菜,120.963737,31.396051
霸味姜母鸭,120.96398,31.39409
原味烤肉,120.964027,31.362579
忆草堂饭庄,120.964088,31.016409
胜记精品粤菜馆,120.964378,31.39786
天天醉美食,120.9648223,31.41207248
帝王食补姜母鸭,120.964844,31.401899
韩中阁烤肉,120.96565,31.37153
博大农夫山珍菜馆,120.965897,31.367809
圣安德・现场烘焙咖啡,120.966148,31.37216
原味炭火烧肉,120.966148,31.37179
乡里湘菜馆,120.966179,31.37187
伊流铁板烧,120.966331,31.37222
清粥小菜,120.9668,31.35476
老李土菜馆,120.96681,31.37847
南街小菜,120.966827,31.37269
轩窝窝特色火锅,120.967,31.3674
卢米艾咖啡,120.9676021,31.38128334
荷香茶,120.968941,31.378111
炭烧帝宝姜母鸭,120.969688,31.37789
合兴路-新岛咖啡,120.970749,31.366079
麦哈姆早点,120.971703,31.385571
汤和美食,120.97177,31.35535
重庆川菜馆,120.97245,31.3488
法朵咖啡甜点,120.974418,31.379076
九哥石斑鱼火锅粥,120.974615,31.37829
王记台湾牛肉面,120.97587,31.37966
佳香排骨酥汤面,120.97593,31.38513
A1牛排咖啡,120.975998,31.384199
怀念小菜,120.97624,31.38101
老朋友春饼,120.97624,31.3809
魔豆奶茶,120.97644,31.37849
云味茶,120.9767456,31.37815857
台北吴记麻辣火锅,120.978859,31.38695
元膳日本料理铁板烧,120.979,31.3759
不亦乐乎菜馆,120.97983,31.38855
上林烧腊饭,120.981148,31.38747
上一鼎怀石日本料理铁板烧,120.981155,31.383266
泰上皇泰国菜,120.981812,31.381517
骆记卤菜,120.9825182,31.39766897
文星阁饭庄,120.98334,31.38673
蓬莱阁海鲜,120.987907,31.720079
聚兴记猪肚鸡,120.988602,31.398399
品豪美食,120.99028,31.387489
东港粤菜馆,120.990929,31.3876
大根寿喜烧,120.991,31.3883
重庆风味火锅,120.9934,31.81648
蛮灵阁农家菜,120.9953726,31.2720541
古镇菜馆,121.000946,31.264656
翠花上酸菜,121.002129,31.37661
豆煮咖啡,121.004066,31.386757
黎记私房菜,121.005669,31.341818
御景斋美食,121.00713,31.37552
太阳雪水吧咖啡,121.007193,31.261201
舍得自助火锅,121.008003,31.258101
贵宾楼海鲜精菜馆,121.01031,31.25581
刘家酸菜鱼,121.0130054,31.2577041
湘源土菜,121.018524,31.318517
友谊饭庄,121.0199335,31.35618788
千灯肯德基,121.020179,31.259424
红心闪闪农家菜,121.0209165,31.09839422
朱卫农家菜,121.021004,31.1241
艾啦咖啡,121.027672,31.317423
百年奥灶面,121.030701,31.317648
小胖子农家菜,121.03262,31.10033
百碗香排骨米饭,121.04,31.3842
积木咖啡,121.049736,31.110168
放生桥菜馆,121.05,31.1049
朱家角 CoCo奶茶,121.051826,31.113535
山春饭庄,121.053429,31.114906
素茶,121.054183,31.113941
上海朱家角悠咖啡,121.054306,31.107591
洄澜咖啡,121.054329,31.108067
塞纳左岸咖啡,121.055237,31.38019
角菜馆,121.056,31.1092
小林煎饼,121.056399,31.109872
85极致咖啡,121.056419,31.38419
石锅烤肉,121.06852,31.560471
陆记牛杂面,121.069,31.5687
红枫林农家菜,121.0805337,31.1268069
川味小吃家常菜,121.0831201,31.25600779
杨氏川菜,121.083386,31.304213
万鸿渝香菜馆,121.08933,31.45103
青浦朱卫农家菜,121.0912517,31.12891994
德f火锅,121.094589,31.443281
名流咖啡,121.098221,31.44458
胖师傅羊肉面,121.099579,31.45664
人民公社农家菜,121.09966,31.25655
创意私房菜,121.100351,31.449257
花园粤菜馆,121.1007,31.45416
馨欧咖啡,121.10108,31.14596
韩美味创意私房菜,121.101784,31.44524
阿品鲜茶,121.101891,31.443007
韩国烤肉,121.10235,31.445952
原上火锅,121.1051,31.16111
天天烤肉,121.1052441,31.44523799
德庄火锅,121.105928,31.446787
麦克西饼,121.10605,31.44938
经典私房菜,121.10623,31.15059
高老庄粗菜馆,121.107132,31.442686
美林蒸菜馆,121.107375,31.6508276
韩尚烤肉,121.108002,31.442101
胖子拉面,121.10817,31.14849
哈福儿咖啡,121.108391,31.151892
上海新川府活杀鸡,121.1083966,31.1597002
耿氏私房菜,121.108437,31.46105
369家常菜,121.108604,31.148106
精致涮涮火锅,121.10867,31.44616
丁香缘火锅,121.109039,31.44523
温州海鲜,121.10983,31.14839
半个月亮精致小火锅,121.1099,31.44739
初鱼坊巫山烤全鱼,121.110493,31.150508
零点咖啡,121.11074,31.1413
鱼火锅,121.11084,31.14871
川味香辣菜馆,121.11116,31.44224
凤香茗茶,121.112297,31.15884
多少咖啡,121.112732,31.449387
豪琴西餐咖啡,121.11289,31.44838
老地方家常菜馆,121.11305,31.15265
小杨生煎,121.1132403,31.1480917
元禄铁板烧,121.113274,31.148361
雅克曼咖啡,121.11443,31.14261
金瓶农家菜,121.114753,31.277341
拿渡麻辣香锅,121.115097,31.148675
石园鹅肉海鲜,121.11554,31.45914
川源火锅,121.115921,31.14522
大胡子拉面,121.116798,31.44964
龙轩饭庄,121.11779,31.174879
宝燕海鲜,121.1189794,31.20047485
阿山家常菜馆,121.119476,31.188841
东北人农家菜,121.11984,31.45125
咔浓咖啡,121.119855,31.15053487
太麻里私房牛肉面,121.120817,31.150597
再火一汤,121.121,31.2874
咏盛美食,121.12117,31.45257
胖墩石锅烤肉,121.12147,31.45533
佑心西点,121.121681,31.452204
鸡鸡鸭鸭粗菜馆,121.121788,31.45248
脆皮老婆饼,121.122818,31.453621
蒂奥莎休闲西餐,121.12394,31.45178
丑小鸭家常菜馆,121.124191,31.131762
小木屋农家菜,121.124214,31.131903
木屋炭烧,121.126297,31.284225
艾杩咖啡,121.126394,31.146749
意浓咖啡,121.12725,31.44009
艾玛咖啡,121.127899,31.147671
美美咖啡,121.128677,31.439589
假日酒店自助,121.130376,31.458776
多味坊土菜馆,121.13249,31.14557
华青乡下菜,121.133022,31.152287
韩悦-韩式烤肉,121.13431,31.462109
Lobby Coffee _比咖啡,121.141945,31.460135
小山城麻辣香锅,121.1433924,31.21085581
包旺锅贴,121.147361,31.288564
90度炭烧咖啡,121.149727,31.300097
馨忆坊私房菜,121.151075,31.29528097
包公寨土菜馆,121.152,31.3043
金之港私房菜,121.153,31.298599
九妹川面,121.153664,31.300356
一品江南镇江锅盖面,121.153999,31.3011
村夫烤鱼,121.153999,31.3001
金鼎牛烤肉,121.1546373,31.29799808
一品江南锅盖面,121.155251,31.301138
明谦咖啡,121.155411,31.291052
雪乡一家人东北菜,121.15583,31.295341
百惠鱼,121.156197,31.296076
蒋记传菜,121.1570791,31.29112579
旺池川菜,121.157208,31.289891
和贵小菜,121.15734,31.29323
哈尔滨私房菜,121.15772,31.29283
乾香阁私房菜,121.158225,31.29233
蜀湘鱼,121.159,31.2901
韩家菜馆,121.19253,31.47091
捅鸡,121.2154,31.285715
丽俪私房菜,121.217,31.2655
协通歌顿咖啡,121.217758,31.276711
诗缘咖啡,121.219757,31.315651
禅园素食,121.224358,31.374617
江城名家巫山烤全鱼,121.23874,31.387247
尚嘉咖啡,121.239494,31.386055
城外城土菜馆,121.23986,31.43584
艾帕咖啡,121.239967,31.385269
太麻里台湾私房牛肉面,121.242027,31.380159
258涮涮锅,121.242607,31.384398
三品缘小菜,121.242729,31.383017
VINE CAFE葡萄@咖啡,121.2428666,31.38525401
老吴菜馆,121.24304,31.38546
租卡咖啡,121.244339,31.399881
四季干锅,121.2450067,31.38614396
阿三生煎,121.245384,31.385569
简爱咖啡,121.245575,31.38443565
祖卡咖啡,121.245667,31.398598
鱼跃龙门烤全鱼,121.246109,31.388918
小宇炒饭,121.253,31.4097
农家大院农家菜,121.255257,31.415039
韩亭苑自助烤肉,121.260314,31.407972
伊Z咖啡,121.260811,31.507664
捞王猪肚鸡,121.260933,31.408317
茶油王土菜馆,121.267418,31.515343
人民广场地铁站 潮汕美食,121.3000867,31.59011934
农家乐野味饭庄,121.30107,31.52425
薪火烤鱼,121.383102,31.626669
陈记家常菜,121.384972,31.629807
八一广场 必胜客,121.389511,31.62557
蓝蝶咖啡,121.391663,31.631226
崇明土菜馆,121.391998,31.6206
台南小店BBQ自助烤肉,121.394806,31.625015
新星饮食,121.39529,31.62657
洞庭湘菜馆,121.395889,31.627008
辰记传菜,121.3959575,31.61904729
一只菜,121.39598,31.620571
夏记火锅,121.39649,31.6199
小八路面菜馆,121.397408,31.61993
舟山海鲜,121.398727,31.631162
台香豆浆,121.399957,31.621496
伊诺咖啡,121.403236,31.624855
香瀛小菜,121.403397,31.62221
诺欧咖啡,121.4101715,31.62855911
江山羊蝎子火锅,121.41275,31.62512
